{"label":[0.0,0.0,0.0,0.0,1.0,0.0],"seq":[[[0.0,0.0,3.803703727452306],[-0.014520341165173737,-0.002665480331582932,4.669988488037545],[-0.004840154045293776,-0.0008885960603455088,5.53634308481425],[0.004840154045293762,0.0008885960603454459,6.4027235228758475],[-0.2318164543509812,0.0008980240092013573,6.410076821054801],[-0.780948836639147,0.0008984046762640888,6.416212464472906],[-1.57692403828649,-0.0936868522732778,5.718239659371646],[-1.935229392970244,0.7655716254257954,6.139848007240436],[-2.006890312741492,0.9374231448604605,6.224169671426491],[-2.1502125301977455,1.2811266239926646,6.392813013267858],[-1.951693101135407,1.2419830511693342,6.145836876393034],[0.24160221510061305,0.0008980240092013954,6.4047870417394],[0.7907346272795814,0.0008976629927247874,6.398651402308857],[1.5243658418514356,-0.2728211295217397,5.679935762058684],[1.5568189859269659,0.6041829411420868,6.203644974684632],[1.5633096879563968,0.7795835240502749,6.308386888043472],[1.5762908934463165,1.1303852480330412,6.517870752155776],[1.438591909912359,1.0647902830818792,6.2373786271465725],[-0.48072082069743427,-0.032419893642926315,3.795546388442027],[-0.9263923878373992,0.6162006746154693,2.0580106827414726],[-1.3144169462397413,1.1085993328367243,0.48265776242258696],[-1.4604637357501846,1.7113631111831276,0.25082450376963106],[0.48072082069743427,0.032419893642926315,3.811861066462585],[0.5824084250925016,0.8784031308491115,2.1053048227798206],[0.6962862720528525,1.216367410077133,0.44772563518868136],[0.7016892044260341,1.7990528519822797,0.13332318873337234],[-0.09508720674172196,0.6993102578389486,6.904000919120275],[-0.1287418406342419,0.8255324581159074,7.1304517527789715],[-0.30836921246447596,0.7445700946120728,7.360149309079967],[-0.579471190384116,0.2352473175638117,7.464919733787404],[0.002732994531166673,0.7634499039607564,7.395860880906495],[0.30198476431746835,0.2887404862834112,7.566102582173933],[-1.395076318936512,1.0718111060529882,0.03481802533457001],[0.7324446864110999,1.1347935337511987,0.0]],[[0.0,0.0,3.6473073854642366],[-0.009604952645648725,-0.0035039589127114725,4.502470708441585],[-0.003201772435752805,-0.0011679620391673701,5.357667960836307],[0.003201772435752855,0.001167962039167248,6.212890771454886],[-0.2304250202536673,0.001180793393195992,6.219287980449867],[-0.7920975734225436,0.001180437883363982,6.223493599197468],[-1.6308699136960787,-0.23058851848881626,5.574349587108735],[-2.026041406978741,0.5111000548026922,6.193591167721547],[-2.1050758658805084,0.6594379377268486,6.317439521823421],[-2.263144383070956,0.9561132829105248,6.565136135078891],[-2.1076330464008657,0.9833699434682929,6.279776423454341],[0.23689793810626106,0.0011807933931960138,6.21578886684909],[0.7985705196709161,0.0011811713532057027,6.211583254248129],[1.7404723830263262,-0.2610654069147058,5.739681567383191],[1.6128870740493892,0.6870644723459909,6.157407203810476],[1.5873701069407238,0.8766903494360397,6.240952429851173],[1.5363360653236855,1.255942084063601,6.408042572203731],[1.4756412620354356,1.1513474066533032,6.105168210698384],[-0.48877637513185285,-0.05387353248354481,3.641596817485801],[-1.1032063089774424,0.8966014653037947,2.0636195446485734],[-1.6254940577549264,1.594781935916593,0.5738989004997483],[-1.8357523989095699,2.2213361698174405,0.4412473286133838],[0.48877637513185285,0.05387353248354481,3.653017953442672],[0.48032200823801213,1.2683643506514835,2.1378017887259233],[0.5124159694658269,1.6710846934426762,0.45962001966901234],[0.4947416823496661,2.2747975117699197,0.16029813786505276],[-0.0811967655288907,0.6951259981965099,6.689667055820989],[-0.10794541037513816,0.8236048148857452,6.909001783368933],[-0.27709870859490937,0.7496231731146296,7.140207338752359],[-0.5387522087457088,0.25411246029964873,7.261537298114936],[0.027912933645702555,0.7689341047931414,7.166092785985664],[0.32544760601919165,0.3088270035366722,7.334878956154238],[-1.729503944446135,1.6186575492084767,0.12154248992532546],[0.5290052824997042,1.6040873876851072,0.0]],[[0.0,0.0,2.5507813509183457],[-0.008595134429682842,-0.005772160209332623,3.398845997280738],[-0.0028650889567754323,-0.001924095417284024,4.246945597948114],[0.002865088956775594,0.0019240954172844633,5.095070690991664],[-0.22882754387562207,0.0019451884023447422,5.1012454825694515],[-0.8023877105411198,0.0019451639463652214,5.105120737467111],[-1.771501025994274,-0.02160971369518865,4.590285398702427],[-1.9676289605754989,0.6303686155739939,5.396731537451107],[-2.006854439144631,0.7607640696836266,5.558020699558011],[-2.0853056671506773,1.0215555072634017,5.880599187878898],[-1.9752984618697582,1.0884204757453602,5.5770472187840925],[0.23461974775014638,0.0019451884023446717,5.098114079989216],[0.8081798822355044,0.0019451969287987163,5.094238814866779],[1.8130770246212473,-0.07592927047425024,4.659602424112909],[1.3968330315275694,0.7094162213480578,5.228698925796191],[1.3135843798341968,0.8664851432715758,5.342518147659524],[1.1470867735891161,1.1806234196104473,5.570156870769624],[1.1469355590083126,1.1333333640150076,5.243844033631852],[-0.49515216948320484,-0.05349508687228654,2.5453989379352686],[-1.215771735539867,1.7193381565569483,1.9369720147968175],[-1.5407958587154291,2.680134902088872,0.4681855940517283],[-1.8098108400891344,3.31996780472387,0.40395526096903334],[0.49515216948320484,0.05349508687228654,2.5561637639014227],[0.42462683572446,2.0293942148893604,2.2050776364132596],[0.3818042683057001,2.8370861202878865,0.6138818198246032],[0.357231138195434,3.516194515228595,0.4586754755958209],[0.04081457341505074,0.8744370873424383,5.3459318806486],[0.01103151673968434,1.0847908036956766,5.51970572649114],[-0.22781675965738415,1.1332761195148795,5.7235364477872555],[-0.6698554478778151,0.7490953185661045,5.913411804862789],[0.08088452308927653,1.0893490471267773,5.829618830696166],[0.20479855360008836,0.6246349604395126,6.213978172003022],[-1.5594653815337316,2.787122583063165,0.0],[0.375721223425786,2.8799471732562645,0.13521852740978701]],[[0.0,0.0,2.2378194360566503],[-0.011325062523363032,-0.006197459564580891,3.0853796839867114],[-0.00377502594133811,-0.0020660071419591262,3.932994475106374],[0.0037750259413382474,0.002066007141958984,4.780634759039012],[-0.2277753354755678,0.002088167879072709,4.787304034691411],[-0.8483478405769291,0.0020883461758106226,4.792831612938646],[-1.8083764432557659,-0.07914663779481201,4.236934336324811],[-1.9299955885270128,0.6749057781508577,4.985630032816461],[-1.9543193054453756,0.8257160679314061,5.135369081753431],[-2.0029670138545757,1.1273371741887712,5.434847344931559],[-1.8975042433765916,1.1545788291085854,5.11896274112557],[0.23540773961570638,0.002088167879072648,4.783178296687026],[0.8559802784098489,0.002088000953943056,4.777650729748212],[1.961611269335333,0.01631556435609594,4.656598802652826],[1.4700012077878235,0.8324445768662818,5.142586368270617],[1.3716792683015877,0.9956702635821087,5.239783879358076],[1.1750354008636008,1.3221217233633709,5.434178780334568],[1.2470805994625938,1.2776686510584738,5.110943637385536],[-0.496299545810788,-0.04620982355162011,2.230849866689134],[-1.1070438808254681,1.9117594730269762,1.752040425443373],[-1.4299743354502643,3.2708352647046612,0.5056273032065632],[-1.6725254730480081,3.95273194071777,0.6090013618054657],[0.496299545810788,0.04620982355162011,2.244789005424167],[0.6569007938374125,2.144822079373949,2.167681600460052],[0.6776784756061212,2.998724103746731,0.501747562510398],[0.7284517240752582,3.710131226730308,0.34105562665037303],[0.06998305528735775,0.8397636300516247,5.124833182416257],[0.06306492527085193,1.027714735713025,5.3244911541969895],[-0.14550517288891215,1.0467322156460415,5.563141186048017],[-0.5541279647987922,0.6333143288811276,5.76481855258994],[0.174987839045673,0.9979832356686946,5.620136860790097],[0.3539357863640766,0.49519204430421926,5.926305948862332],[-1.4567674449707764,3.49656160780965,0.055698283327467735],[0.6676800002766515,3.046222296041304,0.0]],