{"label":[0.0,0.0,0.0,0.0,1.0,0.0],"seq":[[[0.0,0.0,4.780754857185934],[-0.027593898359882886,-0.00245121036682777,5.657786966373223],[-0.009198171807504561,-0.0008171161159132861,6.535062224429662],[0.009198171807504565,0.0008171161159131275,7.412363625583277],[-0.23039500924494472,0.0008259678480054323,7.42215745944422],[-0.692062317772453,0.000826145815447587,7.431838269149026],[-1.4272337463866787,0.413904552994662,6.869412783003849],[-0.9401798020891502,0.396624618430366,7.713450629179226],[-0.8427690678127454,0.3931685019984867,7.882258245022886],[-0.6479473596942777,0.3862567973224612,8.219873478672573],[-0.5929285705925202,0.5455807590164604,7.966296912873755],[0.24899121572164754,0.0008259678480053481,7.412105194140338],[0.7106585584974489,0.000825769412414749,7.40242438994024],[1.4957570806653124,0.630196228039404,7.280169696474461],[1.3423231116480254,0.039300924505028666,8.039920326364012],[1.3116362475626184,-0.07887813600011483,8.191870513155223],[1.2502627171334573,-0.3152362358501482,8.495770678154955],[1.1616511916703705,-0.027269024441492342,8.451780385685224],[-0.4718645390145288,0.010811313730398193,4.765939021764042],[0.35237963045077075,0.9339915753973336,2.540594060799909],[1.0855545772762394,1.7988774904319518,0.5816583383050729],[1.2737282579017701,2.6355787702100186,0.3676973741803611],[0.4718645390145288,-0.010811313730398193,4.795570692607826],[1.9425365011095215,1.9423566518527988,4.084193318789401],[2.007762513849206,1.3157829232655296,1.910221442122753],[2.4158620266326323,1.6950542335071703,1.2240245432982135],[0.2676835034118281,0.17969032331160448,8.031713197074263],[0.2902340326840139,0.1649069564679346,8.239770755256444],[0.11587471487471322,0.12427687126087969,8.403868232439942],[-0.3271551127267206,-0.022764223522241275,8.344124754233366],[0.30533060286333313,-0.03838263558403044,8.371776371338857],[0.20963687968408032,-0.4836323970262201,8.253197365234513],[1.267221480884216,1.8082720783607946,0.0],[1.8934711711755006,0.9805009477077122,1.4142963654616079]],[[0.0,0.0,4.135079181169159],[-0.030189979621651902,8.930545838161442e-05,5.011519100473388],[-0.010063552477177,2.974432335848891e-05,5.888247902547098],[0.010063552477176954,-2.9744323358284703e-05,6.765002991944262],[-0.22937057599586866,-3.027027077956923e-05,6.775266477775044],[-0.7100392609261554,-3.071287121501766e-05,6.786300764120142],[-1.4895311003584337,0.4237844294233827,6.216065283134716],[-0.9238146986850485,0.3959195730996508,7.057290824021346],[-0.8106714288837931,0.3903466097458633,7.22553592970928],[-0.5843848761145054,0.3792006731495897,7.562026144196889],[-0.5393000153243835,0.5395189673541164,7.292500012646336],[0.24971619332222844,-3.02702707795005e-05,6.764268382268607],[0.7303848848359037,-2.9832614693204393e-05,6.753234097479379],[1.5875276184989369,0.6121745762492411,6.807155544540613],[1.1965054590321043,-0.00467412130474413,7.510768647681521],[1.1183010313356234,-0.12804391200963858,7.651491376661979],[0.9618921654504476,-0.37478336543418395,7.932936563742204],[0.9040001437880127,-0.0683403571816749,7.877078144899433],[-0.47122860467679245,0.03369995522983103,4.118843682923615],[0.6058181812336196,0.8384649217370896,2.1970849555256127],[1.5654736374556024,1.6018688669554073,0.5110800453869806],[1.8286442919125205,2.3569986927587516,0.3583152266021581],[0.47122860467679245,-0.03369995522983103,4.151314679414703],[1.9887234979071453,1.3352500151370879,3.0006537963853246],[1.9503414795056337,0.3355510640469903,1.1715920322311963],[2.3509686077861143,0.4962207676950718,0.4813024485406734],[0.3192552211355214,0.2647779240188976,7.329184876164501],[0.3524581948173876,0.2866944664453573,7.535533959028241],[0.18468905921825796,0.2944192046820167,7.71152213879259],[-0.2730875093543784,0.1826933947230915,7.698599310725399],[0.3571290704875505,0.11059549833083275,7.703299763555886],[0.21549214833113828,-0.33814112667392815,7.675301861749018],[1.797635377932106,1.6046270504553062,0.0],[1.8040048508647093,-0.051238779961206564,0.792001298432607]],[[0.0,0.0,3.5778488799597548],[-0.0323819585017819,0.00035253534662881697,4.451943881787143],[-0.010794222835112796,0.0001174888310306667,5.326372141531237],[0.010794222835112771,-0.00011748883103084436,6.200826554805145],[-0.2280033821306642,-0.00011880254766502164,6.211476830083825],[-0.7193917775299371,-0.00011838917324414049,6.223608187252536],[-1.5201431653841624,0.3681670735102807,5.611432442591587],[-0.969392214929817,0.4982537930058968,6.474257024488474],[-0.8592420356984637,0.5242710452013212,6.646821815608659],[-0.6389417703881054,0.5763055366037378,6.991951655233057],[-0.5888764814580734,0.692905906305004,6.695617358359103],[0.2498264968363149,-0.0001188025476650021,6.199680328334525],[0.7412148657571219,-0.00011919595527102034,6.187548962590327],[1.2445493162214558,0.8368083161142483,5.74279869228441],[0.8552894899870389,0.17271955025061606,6.429950507540884],[0.7774374763515708,0.039901600488393085,6.5673807264576],[0.6217335965305624,-0.22573382752912644,6.842241533202967],[0.48894736956266516,0.03715487942037891,6.711193728523046],[-0.47292681104834344,0.037764375988378396,3.5603133426033287],[0.7927500494687041,0.8938356702585198,1.906094356030362],[1.9194226494069242,1.7004803618345907,0.461505769028975],[2.2152582031497645,2.4215389793877597,0.4014347379230574],[0.47292681104834344,-0.037764375988378396,3.595384417316181],[2.0204969705157065,1.1820542762644946,2.5052901287384444],[1.9440216959358536,0.12939475317260657,0.8044191133247973],[2.3419866383971777,0.22496545269868493,0.1384289286616296],[0.33697887666942833,0.32282898254798675,6.735925029691334],[0.3769023289488423,0.36393945371609737,6.941021570811075],[0.21261383271855566,0.38455285293477265,7.123645781188397],[-0.24910207920800054,0.26274923267881745,7.13622725715075],[0.3906700771980635,0.20126704768338582,7.125724695968518],[0.2553897889431701,-0.25656157803603197,7.142117505720334],[2.1963682915951126,1.729009055501686,0.0],[1.7858750459490416,-0.25334849952386773,0.4594588764424361]],[[0.0,0.0,3.3539005620469236],[-0.03673788408014039,-0.0007520051974192199,4.238282709245407],[-0.012246209536610684,-0.00025069334255585566,5.123088960894361],[0.012246209536610507,0.0002506933425559227,6.007921748422083],[-0.229371215719898,0.00025329303624323425,6.0194221170660605],[-0.720435358975924,0.00025306847948702095,6.033014990565134],[-1.7323990753925271,0.036499778386618394,5.341225394205263],[-0.9781911913173873,0.8417682984441274,5.757405771735588],[-0.827349561951206,1.0028219524680635,5.8406417588077275],[-0.5256664345967268,1.3249293854848498,6.00711395403682],[-0.5182482457477856,1.1360515047531696,5.690914469517693],[0.25412967495472316,0.0002532930362432223,6.006038461628933],[0.7451935850468374,0.0002530327611058057,5.992445723626883],[0.692449144721749,0.3663082287224116,4.8231818449746875],[0.8765405782979419,0.9932118469980588,5.804810475434399],[0.9133587049949574,1.1185924473689604,6.001136393649581],[0.9869953229307838,1.3693540079737434,6.393787873498107],[0.6714385465466427,1.2856882120628434,6.223095175992066],[-0.46496049306708565,0.01381838362260884,3.3345973802157682],[0.8634142797755909,0.9167711468769192,1.7868827341443605],[2.041825688847118,1.7640739965962817,0.43612509641446806],[2.3043903028060284,2.4912323869829143,0.39374301892202146],[0.46496046510089145,-0.013818376018837671,3.3732037229613354],[1.9655305637360259,1.0265509640902966,2.0920925822404346],[1.6785821215785177,-0.6088701786883851,1.0084965582254286],[1.9980918048776488,-0.8199955774436688,0.33556587457125975],[0.4291976092771534,0.7565538713066723,6.550815780111042],[0.47907626366418304,0.9230070395869078,6.805273402184561],[0.2383512134145933,1.0209566223830073,7.049570317498237],[-0.40767938576011636,0.7971701468927403,7.1509595978609175],[0.522316231128,0.8011476497585126,7.137695272099231],[0.3968882050613824,0.17437812498853333,7.400646901010861],[2.3471077984420488,1.8041218264859291,0.0],[1.476429431731283,