{"label":[0.0,0.0,0.0,1.0,0.0,0.0],"seq":[[[0.0,0.0,4.148041441666124],[0.008409509003415373,-0.0016482151991918943,5.030524601237703],[0.002803277500378856,-0.0005494373303632673,5.913030938072698],[-0.002803277500378852,0.0005494373303632479,6.79556363220722],[-0.2439555494497989,0.0005553658246403214,6.798827844550361],[-0.8506556653840909,0.000555596728137359,6.794973724747727],[-0.030854336093482176,0.6831675617195604,6.035477449083767],[0.685034971497348,1.6716485816708258,5.72580020535894],[0.8282126677028477,1.8693448630694063,5.663864742474027],[1.114568070737297,2.26473740488598,5.539993924988285],[1.2070461495095468,1.940404237866101,5.742478576583395],[0.23828831704621578,0.0005553658246402955,6.801891512454118],[0.8449884329805076,0.0005551349211433872,6.805745632256752],[0.6544885727019109,0.5557246520538268,5.635119950780017],[0.3533181070714732,1.7180521761205731,5.255932416867728],[0.2930836702806539,1.9505177626376582,5.180094959631771],[0.17261562159559207,2.4154486417990473,5.028419907292218],[-0.06044659728060943,2.111497898606314,5.118084664053089],[-0.46416833514736305,-0.05601251162595097,4.152360180794882],[-1.059912276921224,1.3502802057064631,2.507411137306587],[-1.361767915031856,1.030821911895246,0.5611812925079693],[-1.5689670705973109,1.5300648409651187,0.0],[0.46416834493743525,0.05601253722979141,4.143722706537763],[-0.3861207412695716,1.420173699172848,2.577037864652254],[-0.7021550436634449,1.080541516485652,0.6364834664130576],[-0.9967861820994622,1.5505660357683493,0.08933737636291905],[-0.2661562717091631,0.15458274414255724,7.414473272797018],[-0.30400672290221525,0.12254537861763865,7.616917020015936],[-0.3604909859714293,-0.08640963510911158,7.723502166529027],[-0.33207438307275494,-0.5238254366505963,7.560880876734898],[-0.1507117022292733,0.03650266874616926,7.782175514755368],[0.262299499110644,-0.17557358107450455,7.727121562917008],[-1.3933203505679814,0.7579215866976672,0.0994985224615279],[-0.7092891661961511,0.8106558100727775,0.17201401515499093]],[[0.0,0.0,4.0109273117992945],[0.005653236946360553,-0.0025476784338244367,4.894392686467405],[0.0018844138453695718,-0.0008492403995511689,5.777870276457513],[-0.0018844138453695148,0.0008492403995508902,6.661374292264093],[-0.24329306149936739,0.0008585695695360893,6.665145914282737],[-0.8578477981695946,0.0008584100919370352,6.662524107184935],[-0.18815717799099188,0.8388763051413934,5.954929442427309],[0.35722334069660094,1.9395903945408195,5.821336596883299],[0.46629957493768903,2.159733076363345,5.794617983538981],[0.6844521201889677,2.6000186384677533,5.741180796785897],[0.8283752870989112,2.2674166099042026,5.874158761188776],[0.2394826325998177,0.0008585695695360632,6.66720530041928],[0.8540373692700449,0.0008587290471351908,6.669827107517081],[0.4648271868262454,0.7053422481812487,5.667994701245739],[0.13423424648814658,1.8604496562275041,5.379388740588598],[0.06811598371565614,2.091471036897319,5.321667483439499],[-0.06412134788537763,2.5535140816050332,5.206225110447775],[-0.2802168449709356,2.2577397610355825,5.328052000789647],[-0.4645967785504214,-0.04409219898613236,4.013772880860819],[-0.5724378942977305,1.5413540421511114,2.4812260971451616],[-0.9129865137628055,0.9338514676239084,0.6465587462433438],[-0.9806860874982191,1.3396368784546167,0.0],[0.4645967785504214,0.04409219898613236,4.00808174273777],[-0.1818970063945759,1.6762207164776743,2.6693619797844],[-0.30871370012994287,1.147938400917386,0.7836600277836148],[-0.5120210034956942,1.5610386935334137,0.1710447009799254],[-0.26685428001651734,0.14219512667022127,7.267667172685382],[-0.30402492260691455,0.10890991790554483,7.465855434707999],[-0.3543771829215514,-0.09785472912953436,7.569210902850765],[-0.31429539328341877,-0.5251391504455194,7.408022029160102],[-0.15225149108702352,0.027872938855973677,7.628235450351933],[0.25839419725869495,-0.1689108153843519,7.575258221449022],[-1.0039364451248802,0.5960889168049941,0.25052266839432935],[-0.28321656638630993,0.8341441078841153,0.35929773647757113]],[[0.0,0.0,3.7691875233318983],[0.00753528361293155,-0.003189588549145704,4.6514410615587405],[0.002511854030039969,-0.001063231505192821,5.53371560339992],[-0.002511854030040011,0.0010632315051927028,6.416016516454103],[-0.24359897272368697,0.0010749988060133949,6.4194387951971175],[-0.8601238808666762,0.0010749893172423985,6.415928204637791],[-0.406026546978126,0.9411275349151845,5.683424262377385],[-0.0730050551384114,2.120344225124106,5.635430430118035],[-0.006401096511305804,2.3561876462755458,5.625831662717363],[0.12680769717056367,2.8278743669055473,5.606634095844978],[0.33495131469387024,2.5174776079073795,5.690878461723109],[0.23851955045649745,0.001074998806013426,6.422184047710332],[0.8550444585994866,0.0010750082947843032,6.425694638269659],[0.43924680477338834,0.7149342759613783,5.454107092008356],[0.0986644069820595,1.8744777055281356,5.246208847753005],[0.030548094617923998,2.106386347798804,5.2046291878845805],[-0.10568457383454329,2.570203549495466,5.121469793427155],[-0.3153951786576878,2.2688627866141227,5.230932855771668],[-0.4664563976608714,-0.03469467134781308,3.773046211142253],[-0.4510437184045598,1.692246133502327,2.4329586016113014],[-0.8334030279487274,0.9804730816595135,0.6658413239324878],[-0.8929800218416263,1.3394622538992824,0.0],[0.4664563976608714,0.03469467134781308,3.7653288355215437],[-0.13345384190240092,1.837480448386209,2.68437254118965],[-0.32076143781765915,1.1834757422911093,0.8642855217523615],[-0.5190935790371565,1.5544844659612207,0.23279209893376862],[-0.26581057839465133,0.12171718958863671,7.023477235449768],[-0.3032805232568741,0.0817839268041077,7.219241310967194],[-0.3550064263096791,-0.12707802956070943,7.314493333582398],[-0.31805005545996023,-0.5462893891447138,7.138956165283246],[-0.1531263488940364,-0.00571341239597181,7.377890941827191],[0.25394267110605,-0.2024225530035606,7.318582367287645],[-0.9409971355523985,0.623552305947418,0.29874940445421716],[-0.3170863175730907,0.8418044884672413,0.46808768380145116]],[[0.0,0.0,3.5119878359910577],[0.008511015543042406,-0.003779159483806586,4.39316134357194],[0.00283689893721301,-0.0012596930299691835,5.2743622582948335],[-0.00283689893721305,0.0012596930299691982,6.155589411487059],[-0.24363387239366457,0.0012733734035967367,6.158828190875447],[-0.859276770855745,0.0012735992982121746,6.1548642638071245],[-0.42615834820007614,0.9667151640962771,5.466082093152054],[-0.11875976831691688,2.141117962740746,5.476598554743761],[-0.05727985509961131,2.3759985555747423,5.478701849392991],[0.06567988963420993,2.8457595528327926,5.482908385999802],[0.2774880001408413,2.538712967835368,5.551501284809856],[0.23789821851740442,0.0012733734035966194,6.161928699810535],[0.8535411169794849,0.0012731475089813172,6.165892626878858],[0.5311895373774752,0.6916721669782919,5.159150962411207],[0.33631962174322694,1.8879733674222783,5.090482555793484],[0.2973453178581221,2.1272337093660085,5.076748922309536],[0.21939753240874785,2.605754185718622,5.04928154891556],[-0.023335111063816156,2.324115133789714,5.124153362213733],[-0.46789153993512894,-0.02739712053697659,3.516389407566106],[-0.1760007633823998,1.7830703253130904,2.3803944537173836],[-0.5984229666423472,1.0033793029362186,0.6802579714243482],[-0.6136291420160147,1.316002272263021,0.0],[0.46789153993512894,0.02739712053697659,3.5075862644160094],[-0.03883904671644387,1.9732848666012974,2.7264180356584333],[-0.23418025056296074,1.2106547221159665,0.9779729368045391],[-0.418416568015037,1.5378453653335409,0.3301159687866315],[-0.2694164833918856,0.09183884421965935,6.760949694986497],[-0.30796527609692925,0.043120732915029374,6.952807322732742],[-0.3590903842026506,-0.1684481794123766,7.037193607472753],[-0.31913301387454673,-0.5756683938206286,6.844309184567908],[-0.15987605691439127,-0.05024900737340549,7.107234711848273],[0.24530797109648955,-0.24077091839849926,7.042758986333137],[-0.7341613768238002,0.6392744971002677,0.34029856321363683],