{"label":5,"data":[{"ts":1757735220.419755,"keypoints_3d":[[0.0,0.0,3.766466927252206],[-0.016858462009137473,-0.0013204847729811162,4.623826904024378],[-0.005619551801585305,-0.0004404508402096056,5.4812796086805875],[0.005619551801585289,0.00044045084020964204,6.338757655577172],[-0.22859608811698157,0.0004448385166375083,6.3464885648747895],[-0.8408747770622158,0.0004454815750150968,6.354513794459423],[-1.451269530999411,-0.09736686258627128,5.570288493177538],[-1.5826739890049462,0.7767437755399622,5.945244675055195],[-1.6089548800353306,0.9515660189013735,6.020235941450677],[-1.6615167351964502,1.301210442858507,6.170218217865562],[-1.471091605314027,1.2103600208086405,5.9569936886723],[0.2399575137424566,0.0004448385166374686,6.340347159347314],[0.8522362026876907,0.00044419545825977066,6.332321929762681],[1.6856368996603797,-0.13095541191558596,5.798153622858129],[1.7946214825988103,0.8029348303129925,5.992831683172531],[1.8164182549569956,0.9897129763967513,6.031767333108931],[1.8600120629464985,1.3632693014699444,6.109638618702514],[1.7233080454912098,1.2300173039469704,5.878259768516116],[-0.48963477516128756,0.0068637794169943925,3.7568497207936176],[-1.035072753075519,0.9615684662228575,2.269772451971555],[-1.298029063637401,0.7381598475774207,0.662460767970249],[-1.4956895874597682,1.1554572803284033,0.21644962358848518],[0.48963477516128756,-0.0068637794169943925,3.7760841337107944],[0.7085426907753984,0.7082054049868959,2.084600615896506],[0.8424492338460252,0.5349535337393966,0.4553186056153682],[0.923932500319268,0.9801251372541222,0.0],[0.027648475702573998,0.5524186808281037,6.854878730995808],[0.04954932371399486,0.6381110246764432,7.06541505500125],[-0.048377584257176365,0.5381372999472687,7.289678770315016],[-0.24685325883215772,0.07556238135218306,7.384664029162995],[0.22181072273701005,0.5631555426833171,7.2513896387353824],[0.5186799679743718,0.14645030125132702,7.276177375767032],[-1.3197943270975834,0.5245911546887356,0.27536054477275407],[0.859923615499631,0.3288123700010421,0.0639974731066486]]},{"ts":1757735220.5122566,"keypoints_3d":[[0.0,0.0,3.5366901331095533],[-0.0068977332482615845,-0.0025862581837616597,4.390413932738672],[-0.0022992787764805644,-0.0008621893098609369,5.2441554920693765],[0.002299278776480557,0.0008621893098608267,6.097922640282148],[-0.23093891988744292,0.0008714010722738021,6.10381869272783],[-0.8585153484582315,0.000870269575839012,6.107198830879149],[-1.6246124302703306,0.0396438741822332,5.4521521002652715],[-1.6758772369312909,0.9124545039354413,5.8720383774777325],[-1.6861302418762465,1.0870170514582138,5.956015629270524],[-1.706636227897031,1.436141627144975,6.123970203599983],[-1.5534000121624123,1.3479636400996313,5.877883101264514],[0.23558748503748325,0.0008714010722737862,6.10130583328855],[0.8631639954655359,0.0008725359082482212,6.097925692035307],[1.6917603316677798,-0.001749035515551316,5.522672575619206],[1.9053279617066303,0.9281945908038978,5.696812972462995],[1.9480415006157745,1.114183122631787,5.731641184034869],[2.0334685461806274,1.486160669877567,5.801297276670827],[1.8632146160307133,1.3639184483143332,5.582469115656805],[-0.4929954710888015,0.006798522675750953,3.5327274756465363],[-0.937925283910469,1.254338068254829,2.184915448675577],[-1.2119855214899764,1.7187260584118502,0.5940987880766699],[-1.381914796849889,2.303679688985037,0.35073349381440666],[0.49299550383170715,-0.00679852133993511,3.5406527893318005],[0.7790462949487714,1.1833106457380411,2.100955042340697],[0.856967582957399,1.423149815066686,0.44027170279171024],[0.9835845782811793,1.9697130973448427,0.10040399610876216],[0.03320134414870458,0.6247814020203861,6.527597417788936],[0.054668402918261964,0.7406924095783113,6.723948263454725],[-0.049606340913649905,0.6778313719902139,6.959443413228717],[-0.26344533692521943,0.23886074036068822,7.11908207053761],[0.22249603055908157,0.6896444372497833,6.922721075086507],[0.5075114089114156,0.272330584493612,7.015035603133193],[-1.246695857336298,1.6785374932767987,0.14494820316275403],[0.840735642451347,1.3209084661482828,0.0]]},{"ts":1757735220.6351135,"keypoints_3d":[[0.0,0.0,3.692230323446231],[-0.0042361832169232555,-0.0025306847174799453,4.530677874572685],[-0.0014120683189004302,-0.0008437997897964578,5.369133608785193],[0.001412068318900404,0.0008437997897963393,6.20761423988597],[-0.22765927235527952,0.0008528642235399039,6.212942569332176],[-0.8894430719002041,0.0008531832629050345,6.215171592336752],[-1.7373145174274889,0.09278851954307593,5.5813438247020795],[-1.9541134338518509,1.0843600328035077,5.6982953614643215],[-1.997473192733869,1.2826745548340421,5.72168561141806],[-2.084192771505041,1.679303050448991,5.768466254822312],[-1.8939152385668185,1.5353612333787334,5.5564304530500195],[0.23051410172744502,0.0008528642235398912,6.211399297600594],[0.8922978327838046,0.0008525360800342635,6.20917027731754],[1.8966347894742197,-0.06478712861996089,5.868473617978479],[1.8576605481569153,0.950777147194316,5.763573210629611],[1.8498656997588143,1.1538899953704682,5.742593102399345],[1.8342760029626117,1.5601156917227728,5.700632885938813],[1.762200017720199,1.3301515316422583,5.49133510876461],[-0.5065399077315156,-0.008013389019628305,3.6896469334585036],[-1.340753471057596,1.1160195999982094,2.3249386394460205],[-1.5341200493539173,0.6784390585721611,0.6543638046416542],[-1.813441525821757,1.027007170160994,0.14349936907077243],[0.5065399419757981,0.00801339357169854,3.694813712073198],[0.7028105111894603,1.2729320657754466,2.2172314859627873],[0.7128432620950172,0.6738086843837003,0.5860853586043362],[0.7735971148676409,1.0104317154890428,0.0],[-0.08586650644750812,0.6921400247040795,6.54340103272175],[-0.09443570526465782,0.8402894915196325,6.723856448228822],[-0.2072281542832958,0.7969564663239043,6.9658174873426955],[-0.3719548696630654,0.35050909214631826,7.185371488086158],[0.06793096341485615,0.8441822256542714,6.940112864420464],[0.40766273997621527,0.48431452424325877,7.112541953909766],[-1.5054684029459073,0.41638931765939247,0.2677936734345021],[0.6959362071304149,0.3618929958024485,0.23773168304942827]]},{"ts":1757735220.6959286,