{"label":[0.0,0.0,0.0,0.0,1.0,0.0],"seq":[[[0.0,0.0,3.670061300185137],[0.006140096147710104,-9.407469389793066e-05,4.521455687202272],[0.0020467804071107464,-3.13689389702389e-05,5.372862370435392],[-0.002046780407110817,3.136893897054902e-05,6.224294599155573],[-0.23469388954902318,3.179266134249953e-05,6.227802958127771],[-0.8145089811084929,3.189739929023658e-05,6.2250152992354035],[-0.20308478568939808,0.10139303423887193,5.024379202912502],[0.2968833051556734,0.7324831901853094,4.0047399464523945],[0.3968768236467506,0.8587012548576589,3.8008121357218494],[0.5968638439275845,1.1111373621717664,3.3929564734066293],[0.7742495869737599,0.9947336135093926,3.7389683082453224],[0.23055545968729266,3.1792661342516025e-05,6.230040044370289],[0.8103705512467624,3.168792339473355e-05,6.2328277032626564],[0.6677209678597603,0.245840344328406,4.911892635281448],[0.549658638670509,0.9682039282577527,3.8385057789632233],[0.5260461799421039,1.112676674617351,3.623828400757913],[0.47882123950200467,1.4016221033599383,3.1944736286806488],[0.19240692133560564,1.2558764102753766,3.4423943738703846],[-0.48604071137768756,-0.09435963527729765,3.673555990615133],[-1.1205549905228223,0.5029049673345091,1.9622639137785403],[-1.6864309743745283,1.0436305917656667,0.4452733974381671],[-1.915475590082916,1.6428629629614766,0.264102839047371],[0.48604071137768756,0.09435963527729765,3.6665666097551415],[-0.4206310406609589,0.9010009926578605,2.178235358356534],[-1.196947461453905,1.4741188861046384,0.7701414326305871],[-1.4920496761008535,2.0604859654948053,0.6541585806899195],[-0.15794382021218994,0.4521211269410533,6.78907894637412],[-0.20633501903172588,0.5014395843307622,7.001672017886027],[-0.36571049667444433,0.37275273938160464,7.159782540172257],[-0.568812560429503,-0.08311584782958635,7.111183532101852],[-0.10398483711390913,0.39503798957418934,7.21418756971787],[0.17274240180406028,-0.019973824740182815,7.2653310371240085],[-1.798707738730202,1.0241282712708002,0.0],[-1.3573522274937544,1.4697025359009026,0.3394375632995241]],[[0.0,0.0,3.6185327671325953],[0.004138389161009632,-0.0014953461827830596,4.474047005423843],[0.0013795631477672545,-0.0004984987774569857,5.329567680892332],[-0.0013795631477670767,0.0004984987774568259,6.185113853498477],[-0.23514305109078265,0.0005038308046236509,6.189009383600873],[-0.8435036637768195,0.000503950857954017,6.18704754361471],[-0.11749223173802387,0.43776431178932085,5.176856397979412],[0.5691840273595778,1.1350782807036253,4.370739186883586],[0.7065195039685526,1.274541031356679,4.20951568566654],[0.9811899040972109,1.5534666490164424,3.887068853727468],[1.0976544076470058,1.3358139829020843,4.196850554312668],[0.2323546088845133,0.0005038308046235983,6.1905169118296826],[0.8407152160934045,0.0005036944295227721,6.192478745186602],[0.4208844563743444,0.567159758480795,5.0782891434648905],[0.021839515267870632,1.4660873618200527,4.278109135909738],[-0.05796935863528913,1.645872873833116,4.118073102328884],[-0.21758713175739036,2.005443840364793,3.7980009922791282],[-0.42589721938866426,1.7685383458804493,4.037551150898064],[-0.4817868526781497,-0.0971028168786565,3.6206935198448282],[-0.983713620317434,0.8206495230286863,1.9790027115164857],[-1.408987898505883,1.5296133913753813,0.45894820240028267],[-1.6069214718374578,2.1596185949210716,0.3157387329171306],[0.4817868560853487,0.09710280908602421,3.616372030791436],[-0.5146072962337056,1.3088037226586946,2.4638408235819194],[-1.2897537827097054,2.0008282145442906,1.0802574002507233],[-1.6281044391684607,2.582599043785421,1.0198040712330116],[-0.11936137370791615,0.49982052820061507,6.727940089453646],[-0.17549047864416312,0.5659787164505287,6.936209269564333],[-0.36930682644514234,0.47306626229606963,7.084577791584746],[-0.6489875756795199,0.05487498402399497,7.029614923130964],[-0.11066134952289532,0.45066529854205345,7.161399765609142],[0.08384240653698373,-0.00859472273056365,7.247276633877836],[-1.4847682996495433,1.5559329435328961,0.0],[-1.435352555255392,2.0375794435308054,0.6392141840431242]],[[0.0,0.0,3.485087224443225],[-0.004427768385983899,-0.004066318318254702,4.341823221492474],[-0.0014760789162703268,-0.0013554308913859047,5.198571020087265],[0.0014760789162703875,0.0013554308913862484,6.055344382938797],[-0.23259357953039014,0.0013702587801411536,6.060807032719277],[-0.8547929133084582,0.0013701938661682886,6.062950760147307],[-0.1373823831271872,0.5882237256476028,5.181570569702533],[0.4985964619853888,1.4684448415744684,4.6043110391934094],[0.6257921134233766,1.644489073507713,4.4888591667851605],[0.8801839855958923,1.9965774108425873,4.257955252744776],[0.9971473675473301,1.7387409587574578,4.517683439103949],[0.2355772811433333,0.0013702587801412453,6.059193909443048],[0.85777660890472,0.0013703077256019185,6.05705017371386],[0.5571809398230715,0.7672112812967018,5.077746244525966],[0.2256746372538719,1.7697411446654658,4.447250488605433],[0.15937358893048756,1.970247032185786,4.321151243319268],[0.02677097112062849,2.371259061506137,4.0689529883800875],[-0.1906300601758086,2.093918975026871,4.222047801556424],[-0.482876678419018,-0.08547580571814628,3.4821860438771797],[-0.8045581639368353,1.0563231873516516,1.926067811931427],[-1.0698971756266047,1.953278930256736,0.45971154230041433],[-1.2133623620043408,2.6114151831894454,0.37249003558989857],[0.482876678419018,0.08547580571814628,3.48798840500927],[-0.23032362089008127,1.552498154028963,2.4073038725455076],[-0.7133083107964074,2.353735948278704,0.9410571559657845],[-0.9756350433481576,2.973659221066377,0.8504324424763094],[-0.12960174824129447,0.4915471081987355,6.617431188287512],[-0.19604140423916913,0.5531462378148384,6.827454389872198],[-0.4046941916938032,0.46195976309195547,6.962568412044241],[-0.7014565807860822,0.05287793830690748,6.874081926070432],[-0.1486463344222894,0.4251772978197465,7.054356377760113],[0.024013000277044467,-0.05133918780932894,7.13414722296894],[-1.1105219818517043,2.0328854478000493,0.0],[-0.7868607692365898,2.414174046713654,0.4825164709753249]],[[0.0,0.0,3.3968477089356766],[-0.052225769132412496,-0.005044019170986224,4.286248554552445],[-0.017408921413763455,-0.0016813817216146125,5.176508959411571],[0.017408921413763444,0.0016813817216143972,6.066796052451661],[-0.22564454925857813,0.0016997920451564215,6.081146884384301],[-0.6235874765502007,0.0016997659330084116,6.096709669048227],[0.5105879928083946,0.4835283262857798,5.554438627671335],[1.5172488969982443,1.2862082833787514,5.419670083648446],[1.718581063312187,1.4467442500102194,5.39271637706997],[2.1212454070244844,1.7678161994172927,5.338808929081392],[2.0872927757259316,1.4296424900808389,5.558003329950609],[0.2608404687350091,0.0016997920451564364,6.062121333609728],[0.6587833960266319,0.001699818157304703,6.0465585489458],[1.9034345530805805,0.14415756852264813,5.55348664678405],[3.012569304793759,0.6923841558386088,5.17257776515782],[3.234396479336863,0.8020293496886353,5.096395989133474],[3.678050828423071,1.0213197373886869,4.944032437084781],[3.338823940225244,0.9512247957730681,4.735292064426191],[-0.4597338677554703,-0.015282245767356234,3.3697653016659954],[0.40006512069601735,0.959550306430917,1.9386211037897891],[1.1234105678744453,1.3565870623113967,0.4311734539625385],[1.3784314530188606,1.9393156730565797,0.21724650320865058],[0.4597338677554703,0.015282245767356234,3.4239301162053577],[0.7658159195305083,1.7236814193593541,2.5722184428393264],[1.3947065265158245,1.6874514315201525,0.9733285147122235],[1.5484315986224597,2.1937688547731575,0.5605520180440653],[-0.17640418904040864,0.507881464174073,6.678381709530548],[-0.2672046289550409,0.5659264841767065,6.900463421709773],[-0.5036019356845584,0.4622093809553783,7.0229826393643435],[-0.8133179251405013,0.024603158577771452,6.88451445521745],[-0.23651517175521541,0.41884079345329855,7.143518900638618],[-0.05657164230456256,-0.0982745842476409,7.226033786277506],[1.2795187424777863,1.2946897648545834,0.0],[1.5530948505116167,