{"label":[0.0,1.0,0.0,0.0,0.0,0.0],"seq":[[[0.0,0.0,3.5293546057993326],[-0.023912812674231083,6.769421952131935e-05,4.396887307379919],[-0.007971109124045311,2.2597140317384862e-05,5.2646029727317645],[0.007971109124045283,-2.2597140316993732e-05,6.1323448088238255],[-0.22902308177757322,-2.2934936858924685e-05,6.141416111881055],[-0.8316812119992083,-2.2549268334825524e-05,6.15248815193245],[-1.357023254058935,-0.8707454855187361,5.713825906563356],[-1.129355060916567,-0.3035614208404064,4.841759338009693],[-1.0838214505240558,-0.19012470107804455,4.667346098365523],[-0.9927541006642752,0.036748737400718434,4.318519498601356],[-0.8155105054600915,-0.19999564578118678,4.470894499926235],[0.24513858504907582,-2.293493685882817e-05,6.132704647804045],[0.8477967758295049,-2.3305452633542255e-05,6.121632607809172],[1.5687055142473265,-0.6025806873907886,5.535303551320045],[2.262000062829937,-1.1908096080803554,4.980903100165122],[2.40065906937281,-1.3084555735497376,4.870023037614043],[2.677976957362382,-1.543747519118272,4.6482629726932805],[2.345326050259085,-1.5482975235720875,4.6462033601979975],[-0.4804935581005358,0.003525333641335716,3.516109991771526],[-0.5248661719835004,-0.0544493374734261,1.8588096382571146],[-0.5643622567321845,-0.11314094479741871,0.3859230297422531],[-0.570948355677475,0.31419493649129426,0.0],[0.48049352682649243,-0.0035253372987780096,3.5425992348724873],[0.42906656753571326,0.18578888188809897,1.8953317843439264],[0.3834575065835905,0.3795002181911053,0.43423794701572804],[0.373966578677378,0.8664698781032955,0.12704649285938263],[-0.11376567906190688,0.3405806400883084,7.191677568140507],[-0.11527680213660109,0.3022059720295333,7.527611451341665],[-0.2542871609411055,-0.002326064304822545,7.73042532059719],[-0.45487968854986033,-0.6944725206147407,7.493908007828464],[0.13882151323731115,0.0972865951962354,7.743572425536339],[0.6589283119847974,-0.41223686594689124,7.531158889480633],[-0.575332213010081,-0.27515026365446804,0.023601879945102766],[0.3714181757195848,0.2817472673989552,0.04960378202860527]],[[0.0,0.0,3.467640411390208],[-0.01586573000764782,-0.00042036385136008506,4.335813316947508],[-0.005288696513151647,-0.00014003242184620177,5.204066725864378],[0.005288696513151723,0.00014003242184610528,6.072346231224756],[-0.2318815466661595,0.00014161766251499222,6.079954595735721],[-0.834366679285244,0.00014193825432516044,6.087294181858756],[-1.4809051438551193,-0.880724354173063,5.8622263454845704],[-1.0555233327248699,-0.20829185893319074,5.142794935036674],[-0.9704469779018414,-0.0738054657142652,4.998908649959809],[-0.8002942682557841,0.19516732072358584,4.711136079806078],[-0.6762949542916569,-0.08868995931163647,4.839030374687796],[0.2425738893174201,0.0001416176625149044,6.074174839564165],[0.8450589602846454,0.0001412866289830801,6.066835252460397],[1.6025800083820358,-0.7696814116285361,5.787321076603318],[2.3302999748969397,-1.484618721925422,5.4556800688339315],[2.4758440272751696,-1.627606162915215,5.389351917081001],[2.766932015169436,-1.9135810923479006,5.25669548956314],[2.4324124865861725,-1.9334972437270441,5.259535607737587],[-0.4800386763690853,0.008808290948728648,3.4588720833180893],[-0.4841294282208009,0.23456592595796147,1.8350312228637253],[-0.4915148302206263,0.18662353291879072,0.3785372734851862],[-0.4869439210948739,0.6115433330315235,0.0],[0.48003867596648997,-0.00880828928812516,3.4764087470904848],[0.4656186417298555,0.3235125681737472,1.8710437214376592],[0.4530130176496685,0.6361221993336215,0.4477224571552556],[0.4551534944226709,1.141265495363786,0.18562718322258442],[-0.08312604870638089,0.5798641179578081,6.710416663466478],[-0.10288729101558744,0.6569876219945711,6.959788093748507],[-0.2582714778666147,0.5213437945576478,7.181778522990607],[-0.49586052815590537,-0.015229738517751843,7.202494796568596],[0.05396202618299267,0.5522511647776356,7.196962408380636],[0.38880114822707,0.07234060749755614,7.245516054397317],[-0.4955002570712918,0.029002987106456355,0.01921842718305644],[0.4480976197885598,0.5719444893206771,0.06064717204717596]],[[0.0,0.0,3.4068581058037197],[-0.012877285657335941,-0.0005921617724183644,4.2704501413293325],[-0.00429250550697984,-0.00019737026776508234,5.134095703052278],[0.004292505506979832,0.00019737026776492453,5.997767120315707],[-0.23162961565709148,0.0001995252068275953,6.004806208314156],[-0.8235594951033172,0.00019972917704098246,6.010690087429017],[-1.4983803361274186,-0.718859990062441,5.664812033612594],[-1.089243084905336,-0.005343959068253133,5.087600129945679],[-1.0074156490919024,0.13735935576701797,4.972157781633091],[-0.8437607713016824,0.4227659636719943,4.741272959250935],[-0.7419126622739776,0.13269053667484149,4.804734871938465],[0.24030794857345347,0.00019952520682760803,6.000114915416518],[0.8322377646460952,0.00019931333712610043,5.994231034562931],[1.628109835230665,-0.5771664590640253,5.640257820491474],[2.3904760384248336,-1.0634265225419866,5.202056349037493],[2.5429492943892047,-1.160678334990585,5.114415994874541],[2.8478959259743637,-1.355182959189853,4.9391354653686115],[2.53922108378938,-1.4102997363498995,4.924101993989113],[-0.48407958507023635,0.011986364272226345,3.399648058733123],[-0.4515283594490305,0.3482867350161259,1.8082570064442713],[-0.4316316140129995,0.34497098424730427,0.3622970065631974],[-0.41305748659903435,0.7777581413267924,0.0],[0.48407958507023635,-0.011986364272226345,3.4140681528743166],[0.5015233957105338,0.35435493407778523,1.8290845074015778],[0.5173941285085986,0.6986235352000969,0.4246509140343959],[0.529597678370392,1.2059485701900232,0.1768986994212649],[-0.09463699884249548,0.5991079889110041,6.448604280824869],[-0.1259678504199796,0.7045641233671502,6.648761502614813],[-0.2811578940844303,0.6264617480717428,6.8480553385118945],[-0.508878332858392,0.17497575715683691,6.930396836593055],[-0.009704310184708985,0.6477643108254154,6.879322903027106],[0.2602403939459261,0.2353322048075902,7.01898794586966],[-0.43119083492755245,0.19960354322466817,0.001076186843484539],[0.5186165222345738,0.6442713829932248,0.03909041245827183]],[[0.0,0.0,3.3310541646745855],[-0.011991036920022353,0.000192016767175031,4.2060848267646165],[-0.003997097030227918,6.411240757830135e-05,5.081161063395397],[0.003997097030227939,-6.411240757815872e-05,5.95626369690104],[-0.23505139770039427,-6.483794607620105e-05,5.96320341841592],[-0.8134620583706744,-6.483879455068755e-05,5.968487381119113],[-1.5852172222109406,-0.5369669371109779,5.5729647166887775],[-1.1332069981157187,0.15472884503510242,5.04469595738926],[-1.042804885737189,0.29306789428496344,4.939042212582088],[-0.8620008035276886,0.5697459963167825,4.727734783202223],[-0.7998576722126876,0.27085022249119345,4.753685795909957],[0.24313252325715404,-6.48379460761913e-05,5.958835132191428],[0.8215431495667057,-6.48409729474158e-05,5.953551167956638],[1.7662716510499803,-0.1203388653155496,5.5884063629167535],[2.3572892330334017,0.4937029619173238,5.103149022308833],[2.4754927494300865,0.6165113273638985,5.006097554187249],[2.7118997822234543,0.8621280582570479,4.811994617944081],[2.5050350306935054,0.6631922743800934,4.704730651134466],[-0.47395760930392006,0.011673625714081065,3.324556652376142],[-0.3562879217733674,0.053472130444362345,1.7734228072940863],[-0.2937109363813757,-0.28819119758258716,0.43449752871759495],[-0.229497957689557,0.026256947818692703,0.0],[0.47395764366464854,-0.01167362183873532,3.337551678504625],[0.6192975688724861,-0.018499914147854287,1.7882166741667973],[0.7488291124370561,-0.009522728284417671,0.41107776059534284],[0.7903913006083302,0.40757891472911567,0.07036077529892282],[-0.04551497807131841,0.7020290812517378,6.1914911295454145],[-0.07022370505056456,0.8635964120578827,6.344897597773805],[-0.23308686042926158,0.8645883532675376,6.546904645848956],[-0.4994355567757427,0.48898543139060885,6.748916534940272],[0.033433088978266655,0.8714072774813679,6.582650723245358],[0.25570423832622896,0.5083057049605861,