{"label":[1.0,0.0,0.0,0.0,0.0,0.0],"seq":[[[0.0,0.0,3.967642954349243],[0.01668127621138373,-0.0025149329193350878,4.819460956294502],[0.005560557140032951,-0.0008381705082539668,5.67137170799965],[-0.005560557140032955,0.0008381705082539705,6.523307960492554],[-0.23838391746574758,0.0008473777721777055,6.524899086411474],[-0.8120060219594969,0.0008475306339967035,6.517411050917805],[-1.0811376113217395,0.23441366473432876,5.30989077894696],[-1.3311922037531296,0.8697553055702049,4.310231591313888],[-1.3812031699077396,0.9968233896992965,4.110299787613016],[-1.481224992379313,1.25096017209304,3.7104361150482665],[-1.1474472578240198,1.1413881562043036,3.850506258858784],[0.22714202109979892,0.0008473777721777246,6.53097626354733],[0.8007641639371982,0.0008472168386151324,6.538464299381433],[1.1880937172072998,-0.3784346086479552,5.402149525123498],[1.0023214044685427,0.11502321216587622,4.312427955796294],[0.965166951767934,0.21371452018294365,4.094483676267247],[0.8908580220015887,0.41109777860374086,3.658595050854627],[0.6857214148901802,0.1549036857251738,3.8465225167678336],[-0.4927306105092737,0.0428948230782571,3.977418844224055],[-0.9346785056340825,0.9504880341477779,2.353632837431555],[-1.2839815553201295,0.10959729899731394,0.9185846402206712],[-1.4448088351148853,0.34228537634084094,0.3181824033844278],[0.4927306105092737,-0.0428948230782571,3.957867064474431],[0.8881321807796919,-0.4163881630867188,2.124868375605253],[1.2434927430113285,-0.7055281232086625,0.48822842242228726],[1.3764387287090003,-0.2760505095835771,0.0],[-0.14593038214114867,0.8608477326186088,6.928692993739585],[-0.16509788232053763,1.0471412084831515,7.150509564623386],[-0.3072155871927296,0.9924864398520475,7.450083404237921],[-0.4978480802416474,0.4348748479473815,7.727153818539901],[0.03305244102543109,1.0614774494670944,7.4215443897006725],[0.46624453210884254,0.6303482351492704,7.646293397412302],[-1.346806904097719,-0.2482627216777212,0.6403692594539829],[1.3176311295452416,-0.9450671595574053,0.10542440264120012]],[[0.0,0.0,4.033961480053376],[0.018525271426104866,-0.002744593770879509,4.881598919037422],[0.006175215325104968,-0.0009149266212680487,5.729351316060226],[-0.006175215325104939,0.0009149266212680468,6.577129056123937],[-0.23786914477589557,0.0009251116000831027,6.578361852058963],[-0.8162773010626164,0.0009251406429780775,6.569935682849968],[-1.2173174722692803,0.4820489168205832,5.478660184335962],[-1.6044226518280862,1.2679063204798007,4.644195503038324],[-1.6818437391687409,1.425077553311782,4.477302584038347],[-1.836685803378592,1.7394206421241853,4.143516743095317],[-1.4845181500885039,1.635128187719829,4.232754649254405],[0.22538461952810218,0.0009251116000831078,6.585110535954943],[0.8037928536616769,0.000925068743787442,6.59353670246483],[1.2244425379691608,-0.45381707899941076,5.498338626944208],[0.8753857283045003,0.18756120630599915,4.533690212477532],[0.8055744198767891,0.31583698246049596,4.340760535822143],[0.6659518030213665,0.5723885347694896,3.9549011825113647],[0.49760034045382806,0.2796330269301496,4.124650243681751],[-0.49717666138987443,0.03283386221126604,4.044933650596387],[-1.0214474346910578,1.1084226953992735,2.5295231094842943],[-1.3603624626519901,0.3240438979737922,1.041020208242382],[-1.548839714561389,0.5834861887537146,0.4524680435515247],[0.49717666138987443,-0.03283386221126604,4.022989309510366],[0.8559165721618327,-0.23290693961015027,2.1363261790183627],[1.177366939714358,-0.37000311251605805,0.45596028907177244],[1.2888892701459582,0.10842215762972411,0.0],[-0.1365891767061163,0.7779361621041934,7.055387619024458],[-0.15828212317378287,0.9310636724095795,7.286883895215771],[-0.3049636675255382,0.8489305697550878,7.561840449516679],[-0.5072833463852604,0.291488165140421,7.757595998086572],[0.02336462782979872,0.9099378338097991,7.552252514409062],[0.42298040585957314,0.4643427896889329,7.730431018694281],[-1.410508350367777,-0.023896257189085238,0.7410366283828891],[1.2473429170787649,-0.5751771346555214,0.04782514246922398]],[[0.0,0.0,4.058398662323586],[0.023892611350407142,-0.002253545296532751,4.905485702336989],[0.007964375548042102,-0.0007511709206943646,5.752761614035985],[-0.007964375548042,0.0007511709206943519,6.600062898551524],[-0.23954750764910684,0.000759452748587495,6.600315428190688],[-0.8184876006991636,0.0007592899556716874,6.58943175551112],[-1.3435976202497197,0.643521259551257,5.656671826687219],[-1.8462843301843335,1.4657211986044774,4.940706231005937],[-1.9468216641773555,1.6301610580582435,4.7975130938039205],[-2.147896410607056,1.9590407858788463,4.51112682547853],[-1.7862015038940489,1.8737227284508167,4.56182022651375],[0.2234457125805624,0.0007594527485875029,6.609019586240584],[0.8023858448524478,0.0007596110849679858,6.619903255880832],[1.2649812224383563,-0.48225125490171644,5.565564309140092],[0.6504368549093646,0.2729562654081797,4.8632034051152795],[0.5275278887717899,0.42399752504107185,4.722731212478475],[0.28171018507222617,0.7260806558636484,4.441786817310523],[0.1859472124381567,0.38768946146419114,4.572144028061517],[-0.4982340209866215,0.019425904430902995,4.072503331794847],[-1.2465624655362115,1.0300521461559358,2.6126025888085165],[-1.6343447218093279,0.1803547080537722,1.1769467443658304],[-1.8956671565341316,0.40504056199814664,0.6037271576674272],[0.4982340209866215,-0.019425904430902995,4.0442939928523245],[0.7794572783247099,-0.1920622359741672,2.1459312943348268],[1.0305433648450035,-0.30849262147330186,0.45570404192625524],[1.1078503158620747,0.17494462584303397,0.0],[-0.1808433718699828,0.6903849842298888,7.15260480746619],[-0.2080402264837426,0.8114594760995932,7.394633615871699],[-0.3390238230427192,0.6907558137955815,7.6542534472116985],[-0.4915370221480835,0.11461597747020874,7.784728915530025],[-0.023843500120162217,0.7752589714951367,7.647397807390425],[0.4014738579461722,0.3540413835450562,7.765304285144085],[-1.6764980330697679,-0.17777347730097257,0.8894681482982056],[1.0884696546403438,-0.5084482761091875,0.04419620869412455]],[[0.0,0.0,4.055163620787932],[0.02777828188072174,-0.002140079556071122,4.90108309730043],[0.009259621302388655,-0.0007132718149779713,5.7472574941391965],[-0.009259621302388677,0.0007132718149779898,6.593457099527324],[-0.2405557839068454,0.0007210308940764062,6.592996116528617],[-0.8209035783305122,0.0007209157760097881,6.580295152740758],[-1.3807981678391688,0.7732968908626455,5.770774238254327],[-1.9075854778393662,1.6909732228344976,5.198126842924715],[-2.0129429158244334,1.8745087417304322,5.083597398556552],[-2.2236578518319994,2.241579148268391,4.8545384230758275],[-1.8600748492236212,2.148990419147845,4.877265719648336],[0.2218353271244917,0.0007210308940764042,6.603115493155078],[0.8021831776699465,0.0007211395341133245,6.615816610535289],[1.3125795846908128,-0.6755702127405189,5.695053111439792],[0.5774289804859745,0.09033950163078336,5.128930714644982],[0.43039879502734957,0.2435214498888293,5.0157062263010275],[0.1363385814580422,0.5498853337756344,4.789257232615139],[0.0679921493637122,0.20552289625530656,4.923514633078446],[-0.4994360825846009,0.009528953706354547,4.071588154671255],[-1.4192054147030542,1.062999452240144,2.7605382890657846],[-1.8195694754453529,0.24046534395126712,1.3229863616956132],[-2.134239926761238,0.46077153923174147,0.7796469314653272],[0.49943608310912596,-0.00952895381012667,4.038739091837166],[0.7089853615011777,-0.1367935046478991,2.1375496327275507],[0.895658123301661,-0.21362848115093688,0.44561014007439415],[0.9474467137110343,0.2778182485113491,0.0],[-0.180248994571935,0.6587407975715213,7.159719603446371],[-0.20028524488505464,0.7713114632963138,7.401293552195432],[-0.31155519500237955,0.6419099388351853,7.659349143359124],[-0.4317799688991159,0.06733444176785845,7.781104378287493],[-0.006185375086579828,0.7379962512589462,7.639901526247787],[0.43343444588888363,0.33957953053570006,7.726002815740083],[-1.8481339974528737,-0.10714809304876542,1.024915634189424],[0.9406195086006369,