{"label":[0.0,0.0,0.0,0.0,0.0,0.0],"seq":[[[0.0,0.0,4.154505174156819],[-0.00860588570926384,-0.0005898029561434671,5.013330634885224],[-0.0028686567941241157,-0.0001966642483960582,5.872180276438459],[0.002868656794124098,0.00019666424839602384,6.731055573694056],[-0.2317585122675781,0.00019880627716527694,6.737290561948138],[-0.85822775610354,0.0001990048276405402,6.74147542865602],[-0.8593596324488993,-0.5455222431908968,5.630453678623956],[-0.5973114584275097,-0.1651009250298566,4.533549485747098],[-0.5449017509287135,-0.08901676192820562,4.314168645413868],[-0.4400826994037119,0.06315206692788186,3.8754069735367027],[-0.22031647991979347,-0.0908549604616117,4.132785350038139],[0.23755814027542,0.00019880627716527318,6.734155284857868],[0.864027384111382,0.0001986077266900585,6.7299704181499855],[1.450040494817405,-0.2819837004760454,5.676811490658297],[2.010737317354982,-0.39956209050628516,4.633555550896129],[2.1228768133850924,-0.4230779775030597,4.424904374209852],[2.3471555094104604,-0.4701092119098954,4.00760203259247],[1.9834363134729966,-0.47736102240312156,4.084509411397302],[-0.48839383237317946,-0.010450697615275902,4.149604045317403],[-0.606314839084849,0.04385905261693919,2.1872371042111336],[-0.7112948041714384,0.09989389744261339,0.443152486334367],[-0.7483697974385624,0.6379410418538232,0.02461971878681002],[0.48839383237317946,0.010450697615275902,4.159406302996235],[0.6566889225329369,0.10580121420441585,2.2022849036677803],[0.80641457244569,0.011053130234098308,0.4631479019859608],[0.8457746829012194,0.5110367746193025,0.0],[-0.09423665649143594,0.3559108735141342,7.647480386607349],[-0.10842505362580356,0.33666391520510064,7.944903974751725],[-0.2683795749154781,0.09365552806152092,8.131089939052517],[-0.5128714553335303,-0.5004217908037567,7.943282969992465],[0.08620656058913684,0.1392700542579121,8.150956768232732],[0.49178985755762467,-0.37118184307291296,7.999573010133441],[-0.7339299034804894,-0.060776461925608836,0.0013019325994116926],[0.8432031797775761,-0.18719095930841906,0.03781809535966829]],[[0.0,0.0,4.184612395424103],[-0.009953509999461499,-0.0012445560687330223,5.038289082100429],[-0.00331792358873646,-0.00041484766623265296,5.891998442218527],[0.0033179235887364988,0.00041484766623252876,6.745733255887867],[-0.2298999412922685,0.0004192014587397433,6.752185813649982],[-0.8564598382525958,0.0004195381637489883,6.7570560710389795],[-0.7544312948792894,-0.5439475754605076,5.649054582783266],[-0.3922147121649604,0.07837289452165577,4.700283442129921],[-0.3197713821106525,0.2028369960898489,4.510529215676396],[-0.17488478955924747,0.45176516136743294,4.131020754383624],[0.023936643684118922,0.2588027038814674,4.379407390026936],[0.23660806350241614,0.0004192014587396774,6.748559976979045],[0.863167994241349,0.0004188836831315763,6.743689723782907],[1.5236349079083007,-0.1490132870140709,5.706450333646756],[2.079766726002347,0.17743607064233066,4.705052233227501],[2.190993240787767,0.24272574589950413,4.504772570850614],[2.413445960346905,0.3733056285752669,4.104213341083552],[2.060995743048841,0.26624384594759865,4.156910775858698],[-0.4928890669596506,-0.01279159237025877,4.178846893032611],[-0.510295958716036,0.2538182812914324,2.2088179862290156],[-0.5269598218974165,0.5355252246239447,0.46432799855291895],[-0.5450237190010968,1.129121562110085,0.11282141948156532],[0.4928890331810451,0.01279157344085764,4.190377893622734],[0.7415447571259747,0.4815214820933591,2.274428880296427],[0.9530534124302666,0.5874974088271224,0.5231676008307184],[1.0277077621383952,1.1425620047954512,0.11996817342559396],[-0.1239388572443992,0.37470170530473995,7.444499329465966],[-0.15440557947311778,0.3871664137412277,7.68476284925506],[-0.301335286815664,0.2110338270662256,7.846610306996679],[-0.5017990877146309,-0.28199888274448365,7.734172489939118],[-0.014271876584812987,0.2438554687068264,7.881308556364758],[0.31154711148737685,-0.1890037250451546,7.832484342727831],[-0.5264930726582174,0.4315621696832345,0.0],[0.9986716128961256,0.43780104221447536,0.07381341336301173]],[[0.0,0.0,3.8307148947430707],[-0.007626176032122238,-0.0025691214529324374,4.683439559978118],[-0.002542068324372433,-0.0008564917667299894,5.53618539198145],[0.0025420683243723746,0.0008564917667296044,6.388956720897511],[-0.2304214540321051,0.0008657619105406086,6.394980180373531],[-0.8527417891253363,0.0008661978478696339,6.398690372904138],[-0.5000367854417546,-0.31894917533697187,5.27955392479576],[-0.06676362752153675,0.6698148095725792,4.829911821678045],[0.019890931384250122,0.8675677053730474,4.739983428652916],[0.19320038024930192,1.2630730007132112,4.56012646013483],[0.36064575267159144,0.9990093847256438,4.749086503206078],[0.23556082424411162,0.0008657619105405294,6.392202197096564],[0.8578811593373429,0.000865325973211504,6.388492004565957],[1.6528396461635693,0.29627402329336466,5.516755574180606],[2.4043093879163844,0.769730767723825,4.756039119943612],[2.554603244105439,0.8644223292973828,4.603895926594591],[2.855191255199221,1.0538049540157424,4.299609312952965],[2.492496210702389,1.0159913139966514,4.277333265395501],[-0.493903829041556,-0.0042020676179029695,3.826284970434198],[-0.41161412070500414,0.8456926929172185,2.052921051134323],[-0.33834378554597316,1.5870020131171314,0.46989812805857367],[-0.3240851254115641,2.2477114897229233,0.2965696059609053],[0.4939037948856053,0.004202050972948777,3.8351448106507626],[0.7502246076699383,1.5368439089637362,2.627162078776222],[0.8518043924196989,1.962984016417029,0.9333625807805914],[0.9495641512872446,2.5726129620265255,0.6408249574666169],[-0.11035544183034944,0.2498416188044165,7.063094829938338],[-0.14070529234528312,0.23085738118301746,7.2798973484689355],[-0.28126954551512423,0.056766367034538946,7.400875237466554],[-0.47643687402548474,-0.3640635529080027,7.23425611755759],[-0.020783296813528876,0.07243346649062953,7.438712346144866],[0.2616073640652926,-0.3196731566628722,7.341460973138006],[-0.3186732044337987,1.6138686387451413,0.0],[0.8530778325020093,1.9018209352274829,0.4662751279979731]],[[0.0,0.0,3.223251424399088],[0.002320400781369933,-0.00379837213065957,4.07566558822477],[0.0007735501259994169,-0.0012662743842783185,4.928086292910173],[-0.0007735501259993631,0.0012662743842783034,5.780532739289169],[-0.2336846902518334,0.0012798665763033275,5.78474245956304],[-0.8446998743345986,0.00127999038165431,5.783633565477031],[-0.4472444577807847,-0.34279065084203,4.698916920262941],[0.2293314819184925,0.5308506825365084,4.349139506650234],[0.3646466059201163,0.7055790431244127,4.279184072981602],[0.6352768539233637,1.0550357643002213,4.139273205644339],[0.7195161747778955,0.7580164406012422,4.328466784831449],[0.23212096087096068,0.001279866576303352,5.7855878163240275],[0.8431361791279158,0.0012797575679725343,5.786696720551554],[1.729169888508314,0.3292879455094254,5.038150706878401],[2.5816023229312592,0.7578834632403372,4.380113135729514],[2.752088864494552,0.8436025904617517,4.248505637726166],[3.093061810924379,1.0150407857165002,3.9852906011533964],[2.734386869057952,1.027988049297147,3.937379476736446],[-0.494074905705691,-0.012232400766936042,3.224541885145142],[-0.5246181631023918,1.3010866674453567,1.785268361955612],[-0.549684614568747,2.3978329968371814,0.44481518953401045],[-0.5677454188541765,3.073986002338941,0.4388075111143146],[0.494074837815905,0.0122323758786699,3.221960934958683],[0.6401900730345758,1.874128467698006,2.6658662433804343],[0.5622681499878176,2.715448352284553,1.1537801789380824],[0.6216633906393131,3.3763185165210454,1.022373203493364],[-0.09768967214367645,0.09119794019015134,6.4185366850498475],[-0.12288916653222967,0.033439425221700715,6.604986056282618],[-0.24662737305152982,-0.14293443748651605,6.6790481623388995],[-0.4201595463145807,-0.48153115886424164,6.4551395006084755],[-0.013112278512092356,-0.13425654995268163,6.7132968610454675],[0.24146606802949666,-0.4569430323850881,6.552177948287163],[-0.552019988924757,2.5380309535207535,0.0],