{"label":0,"data":[{"ts":1757733469.1176703,"keypoints_3d":[[0.0,0.0,3.8239872494538263],[-0.019984710498187626,0.002347647907883614,4.662690950577327],[-0.006661706452223942,0.0007826534138047777,5.501528784716905],[0.006661706452223934,-0.0007826534138046745,6.340391789249775],[0.23592518278493926,-0.0007910200376461921,6.341310153815744],[0.8265720250890136,-0.0007910535616131477,6.331929032237493],[1.4579159502587378,-0.6090950602943621,5.804689535431399],[1.9491066600267308,-1.4429544715609866,5.628448149363691],[2.047344938107148,-1.6097263866010365,5.59319992115964],[2.2438211199483016,-1.943269963707543,5.522703390700734],[1.962696643220187,-1.8577576280816406,5.432707167050582],[-0.2224569952210753,-0.000791020037646237,6.34859053091243],[-0.8131037580433707,-0.0007909715764364518,6.357971655548471],[-1.361862579929014,0.7064644642160217,5.8627297945680645],[-0.7961125713971957,-0.05180483029298416,5.593276151204214],[-0.6829625557529769,-0.20345880331427418,5.5393855106126075],[-0.4566625327222798,-0.5067667823821622,5.431604069899459],[-0.381547397581468,-0.21275869220783067,5.480181213472379],[0.5049743384371539,-0.03435064462703691,3.8361159345330567],[1.0081444344418804,-0.3765402620806704,2.103069138573135],[1.452762110353506,-0.7092228564024495,0.5677199169167366],[1.518201280767985,-1.2715728075750956,0.2744736261553764],[-0.5049743384371539,0.03435064462703691,3.811858564374596],[-0.5015639373935168,-0.37468273304530514,2.0212148072105123],[-0.5001079213775717,-0.7621231145405699,0.4351670863953814],[-0.5311637407426074,-1.3338245203015673,0.15462065989259433],[-0.09150031550045624,0.05929709411445838,7.143073925578128],[-0.12980390364882696,0.17828928862700885,7.353712237764633],[-0.02001355810417826,0.42765084687594507,7.432186628363954],[0.24066733061881287,0.808146172953177,7.133624470867542],[-0.3099685210239103,0.3924152592245925,7.39936480657669],[-0.5808715393312712,0.7083117339921741,7.040628878640274],[1.5791549908560671,-0.6326672987945349,0.1536855419878278],[-0.4892706843831889,-0.7007025548732838,0.0]]},{"ts":1757733469.2167785,"keypoints_3d":[[0.0,0.0,3.6877663639961473],[-0.009859795877081759,0.00265965646709168,4.525391290531643],[-0.003286666459357449,0.0008865801244395086,5.3630507411397925],[0.0032866664593574494,-0.0008865801244394492,6.200735367090612],[0.23219168735509726,-0.0008959064548042279,6.203491629142853],[0.7965183560285864,-0.000895536462900046,6.19906336119638],[1.3410519815019946,-0.504807836191728,5.795051710218811],[1.6268956199890139,-1.2496481938269695,5.947807914168625],[1.684064325654976,-1.3986164006038337,5.978359151783687],[1.7984017156259966,-1.6965525002588715,6.039461553604175],[1.5940901273145986,-1.6249386625540927,5.9070704628440955],[-0.22554689428700944,-0.0008959064548042427,6.2070836240845955],[-0.7898735227153846,-0.0008962733878082913,6.211511893400273],[-1.2297314865520748,0.54104529472817,5.7355973697050935],[-0.7543210723790476,-0.11756892887821331,5.741956973974959],[-0.6592389895444423,-0.24929177359948995,5.743228894828933],[-0.4690748238752314,-0.5127374630420433,5.745772736536879],[-0.40656310268206575,-0.2674152084180243,5.728206421263116],[0.5064887697398934,-0.028374134145554886,3.6938183718147184],[1.0046789192259626,-1.1572269635405144,2.384999551441207],[1.2589389225229128,-1.256855732599726,0.8096021428463414],[1.4422294284237809,-1.7437054992435885,0.4642891579011441],[-0.5064887294947794,0.02837413720445495,3.6817143575467797],[-0.5795088616697128,-0.47018424089615374,1.9549785088459324],[-0.6458230283675436,-0.9430299224150893,0.42904565437130415],[-0.6839627292610438,-1.5186869881607652,0.1902497630105877],[-0.044206993149493966,0.117884975131958,6.912388875025124],[-0.05167321958946204,0.2413922545693616,7.0923667588292565],[0.0861734468225939,0.44737650731561873,7.142261774929427],[0.3629622025788699,0.7205887927030115,6.844335874881046],[-0.17487792207434957,0.460069795477557,7.122721533648569],[-0.3766832147052814,0.7565533537876628,6.788971918810583],[1.2825953903368312,-1.1277823162986007,0.3995738915269733],[-0.655214516968987,-0.9087594610061758,0.0]]},{"ts":1757733469.3735034,"keypoints_3d":[[0.0,0.0,2.908918769005088],[-0.0067866727405927335,0.004511652368075305,3.735890291754476],[-0.002262248531054046,0.0015038036495262377,4.562884228744318],[0.0022622485310540147,-0.0015038036495258697,5.389902919628991],[0.2282430403756403,-0.0015203806227814135,5.393161164136886],[0.7780980367816465,-0.0015206191310543197,5.390153034462836],[1.4471051673051838,-0.24304985065226117,4.971748769378245],[1.515843574373262,-0.98313823255419,5.249487662380744],[1.529591263824886,-1.131156006192603,5.305035544070165],[1.557086622633113,-1.4271913103243608,5.416131049726705],[1.432233146441801,-1.3424534981622631,5.2194598345872905],[-0.22366925678475671,-0.0015203806227814646,5.395633643634996],[-0.773524253190763,-0.0015201421145084474,5.398641773309047],[-1.1780026498049232,0.48384567341948725,4.867805834837991],[-0.6111861024811093,-0.06858906432830396,4.923747881477212],[-0.4978228026923845,-0.17907600197448556,4.934936320449995],[-0.2710961636668696,-0.40004987309423257,4.9573131992563395],[-0.2540131820980491,-0.15315548492053446,4.971451748776349],[0.5152651284170615,-0.03920862815715475,2.913361393193678],[1.0774783137794859,-1.6137620410737141,2.4036407030340854],[1.0649023159693243,-1.8947649423578046,0.8756362409894862],[1.2312554633521056,-2.392293489168624,0.5708171398691091],[-0.5152650900855119,0.039208639040958525,2.904476164312959],[-0.7187273081094375,-1.3368948356410149,1.8461478161975982],[-0.7149772847458845,-1.945039113289581,0.4164395076107912],[-0.8241318420877526,-2.5139571082159056,0.23604950458270135],[-0.05833160838620262,0.20588944216286312,6.029173124054249],[-0.07776658336612613,0.3445230949220423,6.1773267705891115],[0.03151002707704186,0.5530679920278362,6.192817756010497],[0.26674043397934977,0.7855587840009736,5.877127376856887],[-0.21196330719127188,0.5385727324768571,6.1744423339566366],[-0.42310080680986634,0.7444887596239317,5.825063999068706],[1.0052593514300254,-1.8225899910944503,0.4679076621397016],[-0.677342443862174,-1.9581143429739503,0.0]]},{"ts":1757733469.4580388,