{"label":4,"data":[{"ts":1757735022.4958217,"keypoints_3d":[[0.0,0.0,3.989538556652762],[-0.004207964355659821,-0.0019347236175785486,4.880994359114087],[-0.0014026881538308882,-0.0006448992265503495,5.7724568812817125],[0.001402688153830854,0.0006448992265503733,6.6639458653761485],[-0.24215128992753734,0.0006518770769195711,6.669557101506692],[-0.7468133624502143,0.0006515969443878322,6.671145132313484],[0.11535385627641671,-0.9030588119057328,6.315106256297643],[1.133338593839226,-0.8515680529574069,5.593589828514571],[1.336935541351788,-0.8412699011677418,5.449286542957958],[1.7441294363769115,-0.8206735975884113,5.160679971844729],[1.7075735020497793,-0.7662795445885106,5.545277231095714],[0.244987299619789,0.0006518770769195766,6.66802436224402],[0.7496493483986274,0.0006521330961131753,6.666436331243737],[0.9546850008139351,0.10455081366710407,5.388174336266013],[1.1222149405835118,0.9451915444703876,4.4799961405078745],[1.1557209956369026,1.113319600925011,4.298360487312173],[1.222732716915458,1.449576096683921,3.935089183459452],[0.8933056713469448,1.2898823301195312,4.06994405601158],[-0.45542573160865135,-0.06185565834137383,3.9872545374505304],[-0.8448643528317018,0.4845973755796676,2.1603406100718443],[-1.0962294818594345,0.34574709023374,0.4543407495941376],[-1.251774874411648,0.8209283509061549,0.0],[0.45542573160865135,0.06185565834137383,3.991822575854994],[-0.22541388008560145,0.8467601893798946,2.3461401630825036],[-0.36361629169500254,0.4576967083925216,0.666131505653869],[-0.6284697913671106,0.8173498470330274,0.15925946318595585],[-0.2579598684371542,0.30088797673728085,7.427065093771446],[-0.3024549829092226,0.2872268067416027,7.682663213645926],[-0.41445405300188226,0.05370669315154949,7.835536978301427],[-0.4867703755569754,-0.5008993848081701,7.671831482578076],[-0.12687223789339,0.16039498844468658,7.891302272314431],[0.3280448505394301,-0.1986158199319155,7.829833015132794],[-1.1281691468566184,0.1410696637888318,0.03712117866975406],[-0.3213990428805895,0.20812422927887342,0.2750860998113631]]},{"ts":1757735022.579306,"keypoints_3d":[[0.0,0.0,3.982270013676269],[-0.006111424068117488,-0.0023320444706740767,4.871366051749839],[-0.0020371546318257807,-0.0007773659862350395,5.760475460878186],[0.0020371546318257226,0.0007773659862350338,6.649611352911666],[-0.24086722453775486,0.0007859358753373812,6.655556684285289],[-0.7544536013322913,0.0007860156488748177,6.6579101704387575],[0.14242169410257158,-0.8863913516915389,6.403224187835353],[0.8573360344305567,-0.18473980248172092,5.6766185091886],[1.0003187368260928,-0.04440934910389996,5.5312973550038285],[1.2862845441676132,0.23625118617100435,5.240655092414757],[1.2981100658824989,0.18421773385893447,5.62355802166029],[0.24498563157033415,0.0007859358753374278,6.653330203108277],[0.7585720316142791,0.0007858813839883296,6.650976717670968],[0.8418663141891413,0.23552732510305066,5.388324065745989],[0.9599051462577034,1.1887467301215895,4.608059785786355],[0.9835128231147707,1.3793906789663004,4.452006947805666],[1.0307281820082381,1.7606785738319422,4.139901203388837],[0.711502777400244,1.5943838788127478,4.280979708169683],[-0.45925657139822085,-0.04732305750010527,3.9789890746819907],[-0.7968583585501643,0.5911029028505038,2.176621151389572],[-1.0333889961167608,0.3760119312505214,0.48055830243491293],[-1.1519765363880945,0.833476695266782,0.0],[0.45925659464762936,0.047323082782293614,3.985550953386708],[-0.21065583661965817,0.9939833715818773,2.428263299549352],[-0.33370205886204135,0.5556735089602174,0.7634556084090116],[-0.5726941172585079,0.908099780753614,0.24100788474534784],[-0.2592988576750532,0.28442207200320047,7.377060142889072],[-0.30451899297885116,0.2707441028039996,7.621238776696075],[-0.40983014028520004,0.0455540764054636,7.766445249782697],[-0.46870925870132046,-0.4864624636448246,7.609212721892108],[-0.13684118533589648,0.15210699929481236,7.82296947388298],[0.30475915263872977,-0.18456238019445512,7.7693650761089375],[-1.0727033584289596,0.15182668416258668,0.07539007462469804],[-0.29505331136115903,0.2920946919502738,0.38266910511258745]]},{"ts":1757735022.7024994,"keypoints_3d":[[0.0,0.0,3.8335778573705754],[-0.0020574748901359442,-0.0024728190993076596,4.719236302880858],[-0.0006858436351464825,-0.0008242776237116706,5.60489789744261],[0.0006858436351465221,0.0008242776237116976,6.490586222253359],[-0.2412911850382521,0.0008332886898801021,6.495774132973239],[-0.7636114755601389,0.0008336801079042266,6.4965830351328435],[0.31955146231732556,-0.5973269487632302,6.232089105098819],[0.8091653402726244,0.43319332468011096,5.809577159322956],[0.907087933430729,0.6392974988382863,5.725074695068319],[1.1029335899455674,1.0515055477514346,5.556069816200381],[1.1046618124794385,0.9076526650423901,5.907882189015911],[0.24267759104135914,0.0008332886898800505,6.495024482957675],[0.764997881563246,0.0008328972718559496,6.49421558079807],[1.0242490040072372,0.4583143858471674,5.343348889313665],[1.2231846717539216,1.5527792550561226,4.850620121972908],[1.2629719184817618,1.7716721959556079,4.752074408157767],[1.3425463311474608,2.20945797022007,4.554982903060713],[1.0170270534108474,2.0185281755402054,4.600278558487963],[-0.4641074047888196,-0.024508781226498792,3.832431203121975],[-0.6554471940276088,0.9437708635595082,2.180402011270245],[-0.8801670165678624,0.5688411244029609,0.5266022998205506],[-0.93873600226908,0.9756503131540462,0.0],[0.46410742675084515,0.02450880801894636,3.8347245137224526],[-0.08331820718301995,1.3300921442021119,2.531208677206534],[-0.4299538796187482,0.9312802271318938,0.9042737154780758],[-0.6231809806250497,1.3239128129063193,0.3995588301662716],[-0.30737670496097436,0.33848662740085167,7.15456663899049],[-0.3691007297459106,0.345993324176139,7.389983399469372],[-0.4820039055418132,0.1381639133149121,7.543295938554626],[-0.5272571676668847,-0.3947560711891025,7.4325780784128925],[-0.21972155754799297,0.2491905398051216,7.608523876650807],[0.21587657537395105,-0.08018087596297273,7.6173903351890875],[-0.9355505995648404,0.30826151749034686,0.1508698320818711],[-0.4810900868267265,0.6674653844058199,0.530200448042982]]},{"ts":1757735022.7786176,