{"label":[0.0,1.0,0.0,0.0,0.0,0.0],"seq":[[[0.0,0.0,3.7818183174379723],[-0.018056317008086412,-0.0007669746618077046,4.644264340493426],[-0.006018880562236405,-0.0002557343709910279,5.506815588489563],[0.006018880562236408,0.00025573437099099224,6.369392622476552],[-0.22958555677118422,0.00025846061915024693,6.377369066956112],[-0.8317879482629733,0.0002580276054313722,6.38577317478318],[-1.5238640516040736,-0.08120428161013729,5.656017730724616],[-1.2376181634440462,0.834924305742867,5.514215688374642],[-1.1803690533034796,1.0181501232873411,5.485855325328325],[-1.0658708269479582,1.3846017469261174,5.429134459116435],[-0.9588838860404294,1.1272326361229343,5.310015265100013],[0.24175416786521925,0.0002584606191502528,6.37079137143885],[0.8439565923622233,0.00025890580058892537,6.362387264048296],[1.7650172113628273,-0.05979750341070223,5.954724082695922],[2.6501600568188914,-0.1528799223625269,5.568467929505772],[2.827188830918739,-0.17149680301639264,5.49121679671312],[3.1812458665968477,-0.20872957216537208,5.33671428651437],[2.9091284338073917,-0.22283156178921282,5.203945102940039],[-0.48495894643806037,-0.013676819505279676,3.771653026381325],[-0.41343411814170006,-0.040902669163767634,1.999712804313399],[-0.34734560205818904,-0.16088090447138498,0.4291480829145051],[-0.3426064682058826,0.2805241543188836,0.0],[0.4849589794432754,0.01367683167299948,3.7919836089311336],[0.51306553032879,0.34740402079566407,2.050298754060936],[0.5763875737942205,0.04055015207603606,0.5052205329471047],[0.5653785834210073,0.426775593853956,0.025911057385576974],[-0.08903732377103939,0.3029558818241983,7.161510568837354],[-0.11622309127712321,0.28395444117105273,7.417114889796466],[-0.28218046032606897,0.08620748910566395,7.566699322906377],[-0.5330958030514901,-0.40164407838244226,7.38418765073956],[0.02517370647444844,0.09539386362854822,7.600072142617197],[0.3377405946611332,-0.3756150998802344,7.478743597956221],[-0.32689569549538916,-0.34800883596046894,0.04867579438024583],[0.6011645836224914,-0.19047629441788122,0.14996419094407987]],[[0.0,0.0,3.770654232244506],[-0.01657844566567472,-0.0012774704484639905,4.63457068999076],[-0.0055262470436050195,-0.0004258953323430718,5.4985760502775385],[0.005526247043605003,0.00042589533234311286,6.362607315220298],[-0.2304809674479199,0.00043072148903879526,6.370322536770274],[-0.8303425693857555,0.0004308640650420808,6.377995816249424],[-1.5595317191865798,-0.01029780787390537,5.708191288586134],[-1.1546258818151638,0.8467571299349745,5.618705628490309],[-1.0736448365363056,1.0181683072606489,5.600808438051329],[-0.9116824369585972,1.3609901787492624,5.565014133693284],[-0.848353184690299,1.105139335339184,5.427159031016775],[0.24165341805790877,0.00043072148903881976,6.364283095763771],[0.8415150532646858,0.00043059004668038336,6.35660981657276],[1.7916257755978475,-0.03203983705165897,6.079652097035474],[2.7046617878133707,-0.09921263069192386,5.818208612430408],[2.8872691856547346,-0.11264759726519306,5.765919948452454],[3.2524834963732436,-0.1395165195516804,5.661342468609276],[3.005530586120019,-0.15453132499339253,5.496226950172313],[-0.483597607111042,-0.016456032412267656,3.7613497749253395],[-0.410285555011297,0.018706998574478505,2.00139072626877],[-0.3409016848036772,-0.1918196006458315,0.4510808378518689],[-0.3301460693222651,0.2210138704738288,0.0],[0.48359767364892486,0.01645605467955739,3.7799586901399516],[0.506569593235851,0.417979328410481,2.0646399607795436],[0.5512938198515439,0.1446652357604577,0.523246082853567],[0.5467563263920645,0.5386058881343752,0.05547361044680876],[-0.09614302381431691,0.3523925938432513,7.130454819789662],[-0.12155754896162495,0.35008890908649043,7.386168687433968],[-0.27968202061898295,0.1582246878612797,7.549507140696461],[-0.514071709938532,-0.3475870044852858,7.402855499207176],[0.0264121021291281,0.17985072110772748,7.580123504883352],[0.3531953350494423,-0.2863137532051679,7.489602324693347],[-0.32135902111850384,-0.39960610477650105,0.08467126807489],[0.567714400272794,-0.07775303008683472,0.16537214195458416]],[[0.0,0.0,3.589886611712546],[-0.012344079973719191,-0.0008597883680775905,4.461545016276244],[-0.0041147565502693195,-0.0002867044566181703,5.333252315226913],[0.004114756550269351,0.00028670445661798993,6.204985615721273],[-0.2340119502450542,0.00028968361008636635,6.211971476376102],[-0.823859896891071,0.00028919747554055305,6.217540060431967],[-1.459243975354581,0.3036690201889635,5.551909133560076],[-0.830224971327386,0.16807031387179194,6.225657623339893],[-0.7044212036152687,0.14095079907593774,6.360407316004398],[-0.4528135104026343,0.08671118601017766,6.629906581130383],[-0.4141246584180119,0.12736944065203254,6.34430927247652],[0.24233094160748453,0.00028968361008634364,6.207474691760735],[0.8321790953788453,0.0002896751437274625,6.201906252779742],[1.645852543019189,0.24670446883392935,5.737113716548327],[2.380891894770566,0.723429876844894,5.420192600937911],[2.527899849685522,0.818774753528175,5.356808409265138],[2.821915485907713,1.009464983407994,5.230039881373204],[2.553957321671819,0.9847343970822452,5.119123353741052],[-0.47692369353285213,-0.01242219648265041,3.583120281099346],[-0.3694553448910414,0.13162922485001727,1.9134040298358395],[-0.29167644302571527,-0.2825588370072605,0.48136127357321534],[-0.2530664958463204,0.04397376898199654,0.0],[0.47692366029166294,0.012422187438826414,3.5966529425899867],[0.5363229326785096,0.26887662224038,1.9380524262322887],[0.5849658683419756,-0.28097865918611126,0.5510986786126697],[0.6035553827573087,-0.0021008966176564825,0.0395279455523192],[-0.08856922491460156,0.4760521915423962,6.904958880705298],[-0.11862859432968709,0.5161284719715886,7.157211296055175],[-0.2916632826178242,0.36251683738633694,7.34453794883888],[-0.5553860284345792,-0.1455776601697368,7.2732223927839295],[0.014828606458721683,0.37031225651100724,7.37982219965246],[0.31300767116854594,-0.1234904267375058,7.373194476294932],[-0.27862005259954825,-0.5294657317969571,0.164467356879471],[0.5949836394491477,-0.557222808171164,0.2593043803618018]],[[0.0,0.0,3.3249202534204882],[-0.00508609363674529,-0.00019305529406817677,4.212247781314666],[-0.001695392542922404,-6.447944645086924e-05,5.099583699689859],[0.0016953925429223965,6.447944645101058e-05,5.986946113835694],[-0.2407276444751664,6.492309237875752e-05,5.992694547731225],[-0.812501208864306,6.46276653100859e-05,5.994879185881416],[-1.3264622440133451,0.5141483177165999,5.37676413309024],[-0.8293533281345556,0.06638529404949761,6.004620245748525],[-0.7299315458803015,-0.023167071570634547,6.130191491860981],[-0.5310881053313012,-0.2022719129476445,6.381333735899201],[-0.44558007816550266,-0.05071764479378428,6.153561410822681],[0.24415530014505582,6.492309237877855e-05,5.990842033886327],[0.8159288645341953,6.521851944754517e-05,5.988657395736137],[1.4987181904229478,0.24957085359516032,5.370555579859017],[2.0468946531233816,0.8590085392844776,4.958366052670408],[2.1565299559366147,0.9808959962569903,4.87592823511221],[2.3758005058914224,1.2246713583248008,4.711052285350286],[2.1136462815690784,1.134746386623609,4.637911592748456],[-0.4632511926719306,-0.003471305960166493,3.32226424877563],[-0.27822820369017554,0.07908417557122863,1.7511564403362794],[-0.21961274878550038,-0.5671916024690927,0.501496382607542],[-0.13769296625967667,-0.3570459422523745,0.0],[0.46325112638624866,0.003471298187825007,3.3275762587240894],[0.5602940153921399,0.15780367600877784,1.753984097927558],[0.5741029018067502,-0.4979566223264926,0.5079719889158048],[0.6182186272528031,-0.289625137428944,0.000997997444113441],[-0.037490868220314506,0.5491006071407558,6.6261105125589905],[-0.06258332210664194,0.6179466525569426,6.870137307968466],[-0.2495368331746584,0.5057827289996033,7.0687792500255995],[-0.5644377504936317,0.02926596618448063,7.048462713318066],[0.05314946626175535,0.4839980980067398,7.106049262430671],[0.2931735484266842,-0.03245882420731142,7.154062194793657],[-0.22738088008777727,