{"label":2,"data":[{"ts":1757734831.7959275,"keypoints_3d":[[0.0,0.0,3.73747939647805],[-0.01442767515771944,-0.0016990257007571483,4.592130979206196],[-0.004809346615102062,-0.000566226380924931,5.44685115097423],[0.0048093466151020725,0.000566226380924927,6.301597067272655],[-0.2286687659602941,0.0005726324628921631,6.308869864802168],[-0.8561498963909346,0.0005727642143293714,6.315930960589361],[-1.4453660989193788,-0.8306672358394754,5.716382566079522],[-1.0963362136608006,0.008133478292831486,5.033194987850104],[-1.0265303100821717,0.1758938362960745,4.89655746391663],[-0.8869182472704057,0.5114140180944028,4.62328236886674],[-0.7230260683028138,0.21012889163731907,4.715373981459826],[0.23839187882363197,0.0005726324628921942,6.303613838761373],[0.8658730092542726,0.0005725007114549588,6.29655274297418],[1.6457576773668066,-0.7588312100266396,5.8353800950711925],[2.3955768507146518,-1.5088527170806005,5.426243610982052],[2.5455407155524847,-1.6588570212369544,5.344416259354024],[2.845468438330414,-1.9588656083542622,5.180761694345129],[2.4904908132313612,-1.9645120613018419,5.172198840307908],[-0.49194777751636687,-0.013257055451775778,3.7291482562476865],[-0.5316968480363481,0.357530866638782,2.005696327975923],[-0.5264842993418919,0.13828213179655174,0.4537061175351158],[-0.560069026062296,0.5477698736452021,0.0],[0.49194777751636687,0.013257055451775778,3.7458105367084134],[0.44529565046706077,0.7319114956644026,2.1362423396896215],[0.43714677577117206,0.577131676482336,0.5765156675741054],[0.4143148264081283,1.005913943977599,0.14030236810031482],[-0.02665850429421566,0.429977835177534,7.005974623483212],[-0.0560433027538904,0.45883105728645285,7.25191711947328],[-0.25153370039225836,0.32987348011078055,7.42067567591619],[-0.5836742487085478,-0.10786775810548192,7.316040829758546],[0.04162190591122442,0.2853309603922013,7.460927122240641],[0.24693330821116016,-0.2340719056652265,7.430086268774184],[-0.5135519404272819,-0.07129671516370448,0.08761137259583629],[0.4420411382762396,0.3826109818189447,0.2020112101032181]]},{"ts":1757734831.860647,"keypoints_3d":[[0.0,0.0,3.6839217575483407],[-0.010995472623577755,-0.001448679493885252,4.533960610870994],[-0.0036652092933216387,-0.00048307259307930466,5.38403966419919],[0.00366520929332164,0.0004830725930792768,6.234144251322954],[-0.22855716273393797,0.00048817402196882137,6.240766874136023],[-0.8371029855924282,0.00048823085171567746,6.246014444240258],[-1.4505521731746414,-0.729406817502745,5.700976292803885],[-0.9997834387599073,0.038288750178780855,5.1330063131416725],[-0.909629734973394,0.19182774978813133,5.0194123844901455],[-0.72932218086544,0.49890575414833793,4.792224389922948],[-0.615097011245963,0.1995982223208735,4.87099509786817],[0.2359672973539333,0.0004881740219688118,6.236761189159932],[0.8445131202124236,0.00048811719222198354,6.231513619055698],[1.6602493881664226,-0.5676962186818617,5.764743373356113],[2.444633383111822,-1.1265838990097952,5.331701400131253],[2.6015102514558217,-1.2383615330626196,5.245093075855105],[2.9152638535503645,-1.4619168358760555,5.071876282318894],[2.588708324258186,-1.4975519644678148,5.041392967912558],[-0.49623828193695757,-0.00530742801451234,3.6774937678638953],[-0.5230450229113462,0.49841992320923123,1.9880523311107712],[-0.5348729398821036,0.3837492582631259,0.42505992121838565],[-0.5486184496477987,0.8238752359650747,0.0],[0.4962382467959095,0.005307423033350746,3.6903497462678145],[0.5036746752139392,0.8071485062041228,2.120105355901679],[0.5002931676112319,0.7782816200649976,0.5531370433804987],[0.505556018281263,1.2411168094315734,0.1527223987370494],[-0.03117169179165085,0.4166799874189373,6.902601830452877],[-0.06462267660729457,0.44702387431806234,7.136365491735193],[-0.2594161342489932,0.33127322862644093,7.293258457383378],[-0.5870795438655555,-0.07706325211516822,7.187830235956496],[0.017823325867639364,0.28009065425653157,7.339574603844412],[0.1984324040292117,-0.22208113253725995,7.319059051630441],[-0.534233795109257,0.19881705218869977,0.04574923149778565],[0.4974117144415112,0.6143809177516918,0.16428572655128182]]},{"ts":1757734831.939427,"keypoints_3d":[[0.0,0.0,3.789168650216077],[-0.005915885671836809,-0.0005796751730393448,4.638670219612675],[-0.001971999538416946,-0.0001932619110778892,5.48818342989016],[0.001971999538416952,0.00019326191107776018,6.337722069251299],[-0.23011405636962676,0.00019540927071723589,6.343416236433378],[-0.8263291744835928,0.00019529920015059484,6.346184155809065],[-1.4524741966474046,-0.5751853246562297,5.827124584549485],[-0.898255225678189,0.10168833979484256,5.436810625397837],[-0.7874113508081951,0.2370628525066586,5.358747929417016],[-0.5657238027585841,0.5078124283762867,5.202622297831603],[-0.5091890789934633,0.21780378084839455,5.250187943136214],[0.23410090584440046,0.0001954092707172235,6.341261186266403],[0.8303160610271658,0.00019552341546724407,6.338493268296599],[1.7107397501007031,-0.18898857577303815,5.912340291490448],[2.557296004111023,-0.38187021637325297,5.507617066649297],[2.7266072557023433,-0.4204465465812131,5.426672406921492],[3.065229758884986,-0.49759920699713345,5.2647830874658785],[2.7883269842908414,-0.543771807480819,5.161068661020402],[-0.49678585119456725,0.002919479705233739,3.7857110580746993],[-0.4797674588953414,0.09571226913959678,2.019744124425782],[-0.4694350716485141,-0.22409492953416002,0.48066682972569774],[-0.4607996280379675,0.15765662414287326,0.0],[0.49678585119456725,-0.002919479705233739,3.792626242357455],[0.6216346953374791,0.6488918238455518,2.1533906064629695],[0.6414823319476463,0.3597445850649418,0.6083527482835627],[0.6991661284534082,0.7482224302791103,0.13654044840510027],[-0.0331250842568252,0.487321333863727,6.959080316149356],[-0.06252994312199209,0.5422130606784936,7.18954160318088],[-0.2499822672013165,0.4376911490440168,7.363620458472363],[-0.565779294046908,0.008339989648992813,7.311839230742049],[0.030638025537782165,0.40113133832031556,7.408133317223225],[0.22931155607220413,-0.09524654437387595,7.437958300551728],[-0.4688694962615937,-0.45794764958297746,0.12786335992348796],[0.6288702582131979,0.13386975294064923,0.25061086671509036]]},{"ts":1757734832.100856,