{"label":[0.0,0.0,0.0,0.0,0.0,1.0],"seq":[[[0.0,0.0,3.761112467897406],[0.006333657949964436,0.001798130994857257,4.617696313515941],[0.002111260105312192,0.0005993934321307651,5.474294232898206],[-0.002111260105312196,-0.0005993934321307378,6.330917700265571],[0.23190906898006883,-0.0006054964821373917,6.336726637859501],[0.8675575471986774,-0.0006054951405063378,6.339859944254265],[1.4290407623826042,0.9900724670351225,5.868520223500157],[1.9686186233719891,1.9497551289495307,5.430178505359662],[2.0765341390830083,2.141691648338377,5.342510188368063],[2.292365175768628,2.5255646852183027,5.1671734118567665],[1.9313145013441142,2.4484719584885495,5.194676751518917],[-0.23617771210198563,-0.0006054964821373969,6.33441951423217],[-0.8718261903205942,-0.0006054978237684412,6.331286207837406],[-1.7874126173352658,0.47768699681184024,5.659121880569152],[-2.667815370167556,0.9630532144431445,5.031756154313523],[-2.843895943237504,1.0601269213338265,4.906282973512075],[-3.196057099779561,1.2542731590382683,4.655336627184536],[-2.829625110488936,1.2834681171681592,4.611372464641265],[0.4899329900342112,0.023817701151528082,3.7574398415705286],[1.0465643799409692,-0.859552400931634,2.306579148494958],[1.2985098656064784,-0.6927672604743841,0.7466780895967773],[1.5070140345462237,-1.1042979224053249,0.3317469338798049],[-0.48993299869579576,-0.02381770324115132,3.7647850939322334],[-0.621137259369781,-0.149541011564263,1.986539635789535],[-0.7363578472241399,-0.28637956380789054,0.40774739126453596],[-0.7382969972035521,-0.7948871238370843,0.05219731819674678],[-0.03442392714929553,-0.04060661160137607,7.357434510360756],[-0.05083069186324333,0.07942332234351755,7.643281948956055],[0.11510517405843797,0.3739907996331319,7.7651486761101225],[0.44047605037755944,0.8810118210891008,7.415813681112396],[-0.2566434020401205,0.35299356687383443,7.752628251822717],[-0.6128115391719015,0.8215195878421166,7.380339766765173],[1.3129903890515982,-0.4999956944998406,0.3650215821834424],[-0.7741183496133475,-0.16248990011836384,0.0]],[[0.0,0.0,3.772039676667044],[-0.008299759756468803,-0.002308919836917297,4.619571932905097],[-0.002766627555037807,-0.000769714644900869,5.4671283964178],[0.0027666275550378054,0.0007697146449008692,6.314710433695592],[-0.2287764059674175,0.0007779945444559255,6.320828155584982],[-0.8737516140205892,0.0007785830940627101,6.325038707638926],[-1.4235368091471334,-1.083321568452299,6.203303214476795],[-1.9518826151110695,-2.1285964022960453,6.11376075094779],[-2.0575519172726886,-2.337651290246346,6.095852324664785],[-2.2688902477080606,-2.755760983157068,6.060035317215252],[-1.9114762444478042,-2.672597159390369,6.062115282109874],[0.23436983414036877,0.0007779945444559653,6.317804663835364],[0.879345077192632,0.0007774158576994394,6.313594110588682],[2.032105425406384,-0.2301874194086664,5.981698974091721],[3.1403133121263633,-0.48089480084770353,5.683725346543465],[3.361954956684607,-0.5310367393388415,5.624130546928004],[3.8052379377691086,-0.6313195002641921,5.504941137732561],[3.4903137293734225,-0.738841429347945,5.350257879584435],[-0.49742853340655985,-0.032943171932908175,3.767078665680712],[-1.195446761035239,0.8681848737334902,2.3566486602342076],[-1.379477062340924,0.5770911001518194,0.7819179939484875],[-1.6350427503379186,0.936600219522116,0.33281663996029387],[0.4974285160977911,0.03294316687376185,3.777000692791671],[0.6564235722916908,0.5169215377845254,2.0365810484541518],[0.7795172524877175,0.4026365649085035,0.43340695456174716],[0.8329953340677091,0.8560145586937334,0.0],[0.019206697062603337,0.19734257137710215,7.219442350045868],[0.04160630487741354,0.1368269683853848,7.491601593856301],[-0.08319767531868716,-0.11878969195720512,7.646257256421588],[-0.328697000764439,-0.6484742813507177,7.4164543217435925],[0.24852850257236453,-0.07039777532803469,7.629715156434269],[0.6111939204022474,-0.5113636374539609,7.369585332354106],[-1.3556319604322797,0.36022366107137194,0.40670827828366773],[0.802722428693668,0.21341556944618603,0.04348457558002128]],[[0.0,0.0,3.712091594226656],[-0.006906641641885291,-0.0029324740562205933,4.552816924181275],[-0.0023022412301811086,-0.0009775621663650337,5.3935608221059255],[0.0023022412301811376,0.0009775621663650044,6.234330004136304],[-0.2273847354664963,0.0009879694210842528,6.24015717281103],[-0.8807091492261686,0.0009878854972764448,6.243735224255188],[-1.409473086575547,-1.0852428263741885,6.226407783595883],[-1.9177403078655668,-2.1297917380045224,6.2418956029543295],[-2.0193936229613993,-2.338701723274554,6.2449930966451745],[-2.22270062560141,-2.7565205799528956,6.251188278527762],[-1.8703471442565225,-2.6696229451692304,6.2464848696819715],[0.23203943924423612,0.0009879694210842317,6.237640987999048],[0.8853638617375997,0.000988056313941707,6.23406293627591],[2.079047381167857,-0.10044790606542113,6.077157618563574],[3.2265910413097774,-0.22273622488781605,5.9435711447874695],[3.4560999596190802,-0.24719407342080355,5.9168538075611234],[3.9151175167595613,-0.2961098654963679,5.863419142035795],[3.642516916691306,-0.4290873091215837,5.664089489257493],[-0.5029079151825512,-0.04084943785002121,3.707817668639562],[-1.3154553271046892,0.9007352748096317,2.36274143637577],[-1.4649714384188768,0.5211755308861239,0.786267398588707],[-1.745316886559908,0.842994367916968,0.3148632733519503],[0.5029079242984684,0.04084944056080156,3.7163655287520174],[0.6483024773299022,0.8468617944528667,2.077692370353438],[0.7023853013283132,0.6435291910700656,0.46294140747807555],[0.7617177794215081,1.0754409081291025,0.0],[0.011282274457650813,0.23066038202736155,7.082634945024677],[0.03338432257194836,0.18678338239931963,7.343529501349532],[-0.07930343935975817,-0.05107247458180095,7.502175841807326],[-0.29917805137047904,-0.5697998074165103,7.309296577753278],[0.23434084661049345,0.0018982082128823246,7.484513406182556],[0.5894807901165598,-0.41971601260940783,7.259253605659248],[-1.4213616341482145,0.28738267710803606,0.41791080948664394],[0.7006353809029782,0.4317812757510511,0.07900499442316233]],[[0.0,0.0,3.4639041579486243],[-0.004985351477932329,-0.003950611474705862,4.298540264679066],[-0.0016618172750582389,-0.0013168892287583021,5.133190009965071],[0.001661817275058254,0.0013168892287583516,5.967864547733134],[-0.22636769178679866,0.0013312851307389663,5.973308641342671],[-0.8902758176041395,0.001330882621280468,5.975952348629109],[-1.3925600715918267,-1.0966553519065398,5.998485461620354],[-1.8752727655551968,-2.1512823680985442,6.0541272202425125],[-1.9718152640582927,-2.362207881232668,6.065255506304083],[-2.164900254920755,-2.7840589128217315,6.087512228256651],[-1.814923394590615,-2.6890291733695424,6.078348191951484],[0.2297274003150432,0.00133128513073897,5.971492416867681],[0.8936355173774762,0.001331684287152656,5.968848709821161],[2.0981751184755346,-0.043141340859028474,5.894840087939862],[3.2561250108056234,-0.10999159555531694,5.839801864452436],[3.487714945295825,-0.1233615334063616,5.828794195520156],[3.9508948142762295,-0.15010140910845116,5.806778857655594],[3.699402604437595,-0.291206918290676,5.586689208005806],[-0.5076720564002558,-0.04840601763383034,3.4606426720572974],[-1.448856662684283,1.0108615859838461,2.2537446159117094],[-1.5447468836196916,0.6039431898118831,0.6529362718963485],[-1.8445069323230805,0.9058167206655047,0.1666601560126164],[0.5076720651551638,0.048406020986875124,3.467165643600033],[0.5440588975105749,1.3122636845490132,2.1012159315059966],[0.47775891657148517,1.1775075104621333,0.45354776159049237],[0.4925150295144147,1.6374256531938738,0.0],[0.01961196570978801,0.18129952993007123,6.80212022599585],[0.046590235100276746,0.12608406805148967,7.052540821660335],[-0.05450759654291567,-0.11531853587413124,7.196056129473982],[-0.259142537226476,-0.613872225762161,6.986044545060563],[0.24844240716837493,-0.05544422426514682,7.1766205645491965],[0.5992160483517183,-0.444228978801768,6.93097667789058],[-1.4767902469214569,0.3676792195309292,