{"label":[0.0,0.0,0.0,0.0,1.0,0.0],"seq":[[[0.0,0.0,3.551307995944983],[-0.013999161967952239,-0.0015388136134390077,4.463243348106988],[-0.0046665228184358115,-0.0005130932850894764,5.3752392380292715],[0.0046665228184359685,0.0005130932850895363,6.2872622862419565],[-0.24446216615332364,0.0005185386629873176,6.29476849214867],[-0.6730703817994332,0.0005187525276391123,6.299154461263686],[-1.4602115662463149,-0.10891766926613014,5.765205201755892],[-1.0175660389531553,0.6186767591957967,6.11475324327263],[-0.9290369887909552,0.7641956025192234,6.184662974074181],[-0.7519788067988319,1.0552331745147066,6.324482229850539],[-0.7180049735357229,0.9232830816889727,6.0711993862199805],[0.25389654178417276,0.0005185386629872713,6.289668716821138],[0.682504757430282,0.0005183247983355877,6.2852827477061215],[0.8244019918539999,0.6028538591198825,5.554717021221354],[1.1793609929247273,1.4436579392389668,5.675404410114252],[1.2503527656352076,1.6118188909218214,5.699541923662505],[1.3923362650222466,1.9481402397961125,5.747816940441867],[1.1180227711305568,1.8618003914911312,5.751648001428702],[-0.4293276241171964,-0.10236485474963197,3.5445447432556394],[0.15094922980337544,-0.6961257747409006,1.9613549974280164],[0.6599664845570158,-1.1946019004615407,0.5409780892212388],[0.6870757858033676,-0.8918191395424686,0.0],[0.4293276241171964,0.10236485474963197,3.5580712486343264],[0.8370079707202126,-1.3016861101822836,2.5293823613499526],[1.1936623214840085,-2.5236480358991673,1.5782490303236485],[1.2211717447980102,-2.5501244095868913,0.9588849679530851],[0.4199406611489378,0.6542202300872395,6.76066556824678],[0.48619300214100997,0.792527606558266,6.9879422218001785],[0.294420817634119,0.8684555604906319,7.229168530726531],[-0.268032295653959,0.6613614926757858,7.367004879735823],[0.554202097900879,0.67144639652666,7.273329262802493],[0.4680146112724593,0.10316826453124785,7.492127257253964],[0.8206024186762322,-1.4616883061476522,0.24784529044208137],[1.3033772073145329,-2.9221435126997575,1.467659402668823]],[[0.0,0.0,3.410708798004511],[-0.012659814835281826,-0.001290092245278828,4.305980410724758],[-0.004220054286030359,-0.00043001004480909023,5.201302244043868],[0.004220054286030352,0.00043001004480906226,6.096650775515295],[-0.24035767714234893,0.00043485900070324205,6.103822503282187],[-0.684246262958558,0.0004349187999810964,6.108006797912546],[-1.5409844893265503,-0.14224398389653176,5.579442841238279],[-0.9654522261223579,0.5856137265334633,5.8872331120794446],[-0.850345727769661,0.7311854556068572,5.948791080483122],[-0.6201328605581101,1.0223284477920558,6.0719072256152735],[-0.6105067137786342,0.8619304015079422,5.81217481375438],[0.248889476874699,0.00043485900070320876,6.099210416690833],[0.692778101008916,0.00043473907518535475,6.095026011393992],[0.7717922544378734,0.6054852439172427,5.281755803780388],[1.116045383304585,1.5173676015798052,5.357315800501186],[1.184896028869148,1.6997442739332382,5.372427728910175],[1.3225972288224388,2.064497092552275,5.402651683386467],[1.036071141991222,1.9611758063553106,5.425206656807873],[-0.4438350376307097,-0.1052821868760134,3.4042809648201917],[0.1822761864748863,-0.6826266254963617,1.8885929441987126],[0.7314222106444273,-1.1649570491478825,0.5269525459173616],[0.7683994112617204,-0.8731268850947362,0.0],[0.4438350376307097,0.1052821868760134,3.4171366311888303],[0.8615361851149995,-1.3106577851991792,2.498827555593447],[1.2278172389475293,-2.546984842794503,1.647004648750171],[1.2629218589989957,-2.6064438066420514,1.0474689882060089],[0.4398124068617328,0.707412590165605,6.52990440075914],[0.5090788075592042,0.8681886448683785,6.752157626482305],[0.31116371288704614,0.969597331667457,6.992581618397759],[-0.2727727020853569,0.7762721328366465,7.14875183386175],[0.5761734820082465,0.7672115232677902,7.0563940159182685],[0.47808849825481514,0.20284561954651814,7.32955361798253],[0.9021451034041524,-1.4230106956283384,0.2487234131307421],[1.3382093225325347,-2.939274342153246,1.5629090042853613]],[[0.0,0.0,3.403297670159006],[-0.014111182668634963,-0.0025976341208955433,4.269855235731066],[-0.004703805730141537,-0.000865876308322872,5.136478862037253],[0.004703805730141568,0.000865876308322847,6.0031284658494775],[-0.23202796647974933,0.0008752111137371569,6.010408485955338],[-0.7114887818244339,0.0008747363509599557,6.015613195716871],[-1.6416521345558797,-0.035433505357969124,5.42290178371195],[-0.9737514040286284,0.5770877401807731,5.974878091740592],[-0.8401711892341889,0.6995920610831364,6.085273268658343],[-0.5730107759060629,0.9446007061169303,6.306063615148416],[-0.573230690711865,0.8678017229747101,5.98358157814476],[0.24153766702388618,0.0008752111137371407,6.005268039968513],[0.720998514890077,0.0008756794183801068,6.000063344897841],[0.5055717387630454,0.18956005699172673,4.934315364327988],[0.7216287692453296,1.1266976240349036,4.485935380774666],[0.7648401688374852,1.3141251387351656,4.396259381125829],[0.8512629680217961,1.6889801681356902,4.216907381828156],[0.5754095355778921,1.5847340624363224,4.368335609758287],[-0.46950647344604096,-0.1071447892679714,3.395330870116433],[0.3173936460927079,-0.32324840300019403,1.841842792310968],[1.0075759787830416,-0.4773369103158882,0.45156125754451404],[1.0694629809578489,-0.07324337449910799,0.0],[0.46950647344604096,0.1071447892679714,3.4112644702015786],[0.8416725790135507,-1.3277134366287386,2.472162362307324],[1.1672430508969727,-2.5795828709837827,1.6004943904073232],[1.1916111612804205,-2.637232424842818,0.9945967582425164],[0.4384708469877964,0.7362309117024671,6.446553154913362],[0.5024378356079527,0.9062242675497587,6.673396095374883],[0.2914365165538117,1.0158096198817195,6.911363910510264],[-0.31345114699480303,0.8210848837023152,7.056614021995224],[0.5611265680233415,0.8092432322505706,6.9901130271725265],[0.4506708469569927,0.23581298229281372,7.279736090041389],[1.2170078096867027,-0.6633974208564165,0.1386544238978229],[1.2676437894187298,-2.9776563360624375,1.511904354183447]],[[0.0,0.0,3.087450898679341],[-0.011761921149347952,-0.002283403380511052,3.9502322199634454],[-0.003920693725755812,-0.0007610844298180404,4.813059843892393],[0.003920693725755764,0.0007610844298182229,5.6759134455076765],[-0.23178248976082597,0.0007692800777861082,5.68274479742111],[-0.7378171443860579,0.0007696316905577111,5.687343531674951],[-1.7437138246844883,0.1826324096797527,4.931927607672822],[-0.8415905168245049,0.8520944545992054,5.413244270767441],[-0.6611657339490232,0.9859870334796429,5.509507481611322],[-0.3003164714567724,1.2537717664991506,5.702034207736691],[-0.3142388637445809,1.0644988550918877,5.370727234586187],[0.23970909986684777,0.0007692800777861094,5.678459941137019],[0.7457437236830882,0.0007689380102841748,5.6738611895107365],[0.24650785695367486,-0.4704727148804218,4.604165029232962],[0.3416967830588551,0.12404853955819506,3.5406072445979064],[0.3607345694440546,0.24295278871858542,3.327895684657239],[0.39881014803527054,0.480761278402701,2.902472549707625],[0.12813833374166878,0.501883772816227,3.170936641477798],[-0.48250247180434797,-0.0487550039454829,3.0807440246837805],[0.45984189706054696,-0.4125413543698068,1.6949148805239898],[1.2922734834511642,-0.6963635173816677,0.44986143409099366],[1.4402489111146468,-0.3356899922691145,0.0],[0.4825024409953562,0.0487550134907525,3.094157755302461],[1.6675340444363262,0.6893723071013945,2.032938347564617],[2.1378614382954595,-0.1253111782140934,0.8334641092159147],[2.538888423896904,0.009637433597345446,0.4147470709901726],[0.4587582492500834,0.5252925230177425,6.315395849727808],[0.5151920933792896,0.6213096675966688,6.577858817719077],[0.297284268893371,0.6954779200648207,6.814385560227808],[-0.3263682996585539,0.5598997977553157,6.855607138382003],[0.5265713905433038,0.4450843069116173,6.856686909215755],[0.3232786424975403,-0.14954886703423054,6.975460220852002],[1.5204254092467628,-0.9111954922737874,0.18479766358406335],[2.1609614577729395,-0.4418553291390846,