{"label":[0.0,0.0,0.0,0.0,0.0,0.0],"seq":[[[0.0,0.0,3.8788815217618975],[0.007972017413617735,-0.0008345553385555491,4.720280900537254],[0.0026574016945392284,-0.00027817182076717896,5.561701517284397],[-0.0026574016945392635,0.00027817182076713337,6.403147194899189],[-0.23258280089208314,0.00028152899497978294,6.406267992898856],[-0.8376088166449196,0.0002816550853292949,6.402446547186731],[-1.4846863304652098,-0.3017685140520398,5.414066283256222],[-2.1060907079319864,-0.6382564042029933,4.478492250338026],[-2.2303714259615917,-0.7055542093877704,4.291377400244147],[-2.4789332589423902,-0.840149249379509,3.917147770006298],[-2.1161561794023647,-0.8148120940564424,3.9609459997176097],[0.22721022456952325,0.00028152899497976884,6.409172271166478],[0.832236201815304,0.00028139713574853754,6.412993719743869],[1.2843741283516668,-0.48206990981416487,5.388421741040383],[1.110790483601613,-0.11686544465361828,4.287894157805771],[1.0760737355736885,-0.043824427319195274,4.067788635034129],[1.0066402427800525,0.10225760485830113,3.6275776283165335],[0.8164306710235582,-0.13865166296050907,3.8274540376423243],[-0.5039098543080519,-0.007115606746331025,3.883648879989058],[-1.0823668321234843,0.6378962997216425,2.2606536432503743],[-1.3679143585905555,0.39761983731854555,0.6684498990226393],[-1.5980377507660717,0.7999262985588564,0.22909070970692014],[0.5039099329532702,0.007115617038419678,3.8741141772170495],[0.4670368263789546,0.22232967449715244,2.0473437609327423],[0.4336454125744556,0.44102309787647787,0.42702208680222364],[0.41445216420709385,0.9817461167733503,0.08776687469259858],[0.03650232829010222,0.36536781250000755,7.168811110139561],[0.06323612829794875,0.3681502110579021,7.423895712626721],[-0.04957521677966608,0.17421628269194991,7.618375984542185],[-0.28492408142937503,-0.34331708740672195,7.530044888644228],[0.2545166162975262,0.2092376813031595,7.586124118002203],[0.576669526959335,-0.24408955331520157,7.4386643991689665],[-1.3863891213638149,0.18342552174556734,0.28416838453898974],[0.42891266869890193,0.33368010203919257,0.0]],[[0.0,0.0,3.8944079127577997],[0.006180091040319277,-0.0008188024108068188,4.730107674251764],[0.002060066791537235,-0.0002729371464749406,5.565820310788251],[-0.0020600667915372122,0.00027293714647494486,6.401558039131913],[-0.23041921802629317,0.00027573015687778444,6.404973973004889],[-0.8438399488533583,0.00027567479245342515,6.401949796925551],[-1.4081863916230324,0.4355190734504781,5.394209803930443],[-1.8326091193533232,1.1871580165569244,4.579696059286328],[-1.917493666537553,1.337485806902124,4.416793294640792],[-2.0872627609060124,1.6381413875925233,4.090987765349719],[-1.7580841883770335,1.4684369332762297,4.1087141608282085],[0.22625444149854376,0.00027573015687776107,6.407225478430001],[0.839675172325609,0.0002757855213021752,6.410249654509338],[1.3133234229664634,-0.5186524624332709,5.395442291520265],[0.9225641836186709,0.07871871881879249,4.44729507876242],[0.8444123765242063,0.19819270904115627,4.257665580860048],[0.6881086493928947,0.437141310083953,3.8784066648986104],[0.5409527309455268,0.14418161095904314,4.0515893736237185],[-0.5079455292547285,-0.033191401212858414,3.898131694003641],[-1.2564581436418736,0.8128956910572895,2.427179767366198],[-1.4723676114377777,0.570957405993103,0.8107816273211799],[-1.7588489764331237,0.9456629783097898,0.3726005328582902],[0.5079455686586926,0.03319140816787048,3.89068413319163],[0.4759631943775383,0.31886908807525755,2.0584180070700424],[0.4453908691728479,0.6005032612112535,0.4343362162735116],[0.40017634409983444,1.1566928142321735,0.11326291713038117],[-0.0006266552047844166,0.3441487548148073,7.1556990905246955],[0.014903468067499598,0.3429224277839338,7.4055754019316655],[-0.10032009585417478,0.1488501504588,7.587377013716644],[-0.31874702889956685,-0.35789952940750985,7.483075311945786],[0.1970261501940066,0.18772148607615863,7.569087470747519],[0.5237342495662192,-0.24776519477040618,7.431254684733375],[-1.4488435076325181,0.3654090382996756,0.41804265936728857],[0.45027159700171737,0.50898480699598,0.0]],[[0.0,0.0,3.6639249407906673],[0.004681575365134527,-0.00016656204918523486,4.496571416605947],[0.001560553974536108,-5.5509568138618447e-05,5.329225345654793],[-0.0015605539745361019,5.550956813863214e-05,6.16190412469723],[-0.22907858392770858,5.598460683758463e-05,6.165576584702928],[-0.8473610474445364,5.531443127966862e-05,6.163259007104168],[-1.3980351057167173,0.35971981727765745,5.193500716341172],[-1.7090235505404132,1.1008032410025117,4.403863689013934],[-1.7712211961380078,1.24901986859351,4.245936284542197],[-1.8956164883883595,1.5454531238503366,3.9300814656623686],[-1.616813910171834,1.3308353774508659,3.9403835998933836],[0.22592356626468404,5.5984606837576206e-05,6.167281917977325],[0.8442060688777143,5.6662014393079516e-05,6.1695994914788415],[1.1369549243813453,-0.27057485891485866,5.067742859835855],[0.7014494289968431,0.3025782375467434,4.200981622138336],[0.6143482849357321,0.41720910835789016,4.027629389309145],[0.4401461113843616,0.646470221033458,3.680924906747694],[0.3211095157981868,0.3572368649216602,3.8423939271931085],[-0.5091420039459587,-0.051557932339792036,3.6667773190616604],[-1.2763120946272908,0.682644046925,2.299994291435313],[-1.3759295542735606,0.2150937163330055,0.8376522240695605],[-1.6445663790922425,0.4760468621426405,0.3678640754374003],[0.5091419257535534,0.05155791787579685,3.6610725707141625],[0.5368534343182564,-0.015438214244509741,1.9317831268774959],[0.5577885523340181,-0.04372318845691339,0.3936889991696657],[0.5087790051333654,0.4074642445667392,0.0],[0.04584492536488722,0.25101451466720076,6.981018617618243],[0.07344822087627158,0.21561969600141717,7.2362725907935355],[-0.04339870090601551,-0.00510848170212512,7.402504220286317],[-0.2901449715046898,-0.505385094714519,7.238768269842813],[0.26434435057314126,0.02965013122790078,7.374044272654581],[0.5817937014804971,-0.40690204959247933,7.158132554912921],[-1.3195898292660937,-0.02774078464534828,0.5068008173002228],[0.5811034845573068,-0.20354753425026717,0.012220670349820217]],[[0.0,0.0,3.41323022422371],[0.0047466010256449155,-5.993601014842674e-05,4.244497136275693],[0.0015822179197810997,-1.9954952714430153e-05,5.07577152232339],[-0.0015822179197811249,1.995495271447192e-05,5.907070944738831],[-0.22872366539813194,2.0294121502142758e-05,5.910723823094468],[-0.8501539256008359,2.0117908377648367e-05,5.908358197680609],[-1.3132826104636721,0.4408253624105655,4.922979818606807],[-1.6373068318897184,1.1428370472241687,4.099656389115404],[-1.7021116344711285,1.2832393257225443,3.934991694152054],[-1.8317212407108059,1.5640438817717435,3.6056622943099446],[-1.5330012142984073,1.3795236886951172,3.640650505539881],[0.22552476810681005,2.0294121502171892e-05,5.912453002343398],[0.8469551067045086,2.0483824750802233e-05,5.914818617954051],[0.9091498605260524,0.20745976239100167,4.760319146362986],[0.5113624982870719,0.8345386814790965,3.9093131398907257],[0.43180500648296494,0.9599545914178867,3.739111924596702],[0.2726900207210364,1.2107864094003635,3.3987094741778345],[0.1568544515152581,0.9025611544620753,3.525537669224608],[-0.509084463684615,-0.06300591104805033,3.416132565474674],[-1.2652089646114633,0.6622193250132187,2.20054739030268],[-1.3198565442004786,0.13313842396600553,0.8769500292443908],[-1.5646878977746501,0.33846163563163967,0.42064885114951744],[0.509084463684615,0.06300591104805033,3.4103278829727457],[0.5343292382098018,-0.14414981518455713,1.8191733847072438],[0.5525904050492354,-0.29902503842849415,0.40125123877574653],[0.49703567572801827,0.08336459132908018,0.0],[0.09193924336966135,0.26232408274128116,6.761991898657327],[0.1323847965367027,0.22479802754651984,7.027921785889432],[0.013907288948648863,-0.004230884301137489,7.207785879165005],[-0.261559892771268,-0.5238229447924405,7.0487671226762725],[0.3353015518775529,0.026406480465502022,7.163227726110661],[0.649057573333491,-0.4370175112208499,6.922519561531416],