{"label":1,"data":[{"ts":1757734434.078413,"keypoints_3d":[[0.0,0.0,4.288187348307159],[0.017987303150768474,-0.0008256212645710937,5.132879689641464],[0.005995882778308612,-0.00027527919719713814,5.97767861667464],[-0.005995882778308617,0.00027527919719714134,6.822502778725655],[-0.23688048110109944,0.0002783728609569793,6.823817507869357],[-0.8319343883600396,0.00027834969984623234,6.815371255152103],[-1.3095549415963823,0.3194239360011978,5.668933330720099],[-1.7305812950808357,1.022578562242852,4.747763545727424],[-1.8147865862185268,1.1632093565255075,4.563529622748711],[-1.983197022996533,1.4444715937503099,4.1950617303858015],[-1.6244440625728154,1.3267369118332162,4.271289592864448],[0.224758400270564,0.00027837286095698033,6.830370275581682],[0.8198123484844795,0.00027838943574440733,6.838816527551438],[1.3102284647971432,-0.4955483604975945,5.762738837454537],[0.9556995859775673,0.2209450180803429,4.824021787344394],[0.8847937897728517,0.3642435628302546,4.636278411342187],[0.7429823011263551,0.650841307436748,4.260791572199414],[0.5709551060236567,0.34213564958755077,4.414034583330942],[-0.5008635311883758,0.004570398351723268,4.29885738198987],[-1.0798107706399684,0.835670739644239,2.5059919599455913],[-1.4024886896802657,-0.05169369140763413,0.9379343333354928],[-1.6035398672591,0.20298220500615444,0.301031111486882],[0.5008635311883758,-0.004570398351723268,4.277517314624448],[0.9333838668837171,-0.25853494678147054,2.2803432224979794],[1.3182563636658506,-0.44088128779000874,0.5001847544888745],[1.4182522339494925,0.059861097931689165,0.0],[-0.0054419497554480225,0.39890174836676956,7.572036960062644],[0.011904856690650339,0.4134776355036614,7.827466846997574],[-0.10212241387783207,0.2247370817938693,8.02618836609836],[-0.3187348910029945,-0.3030212424572437,7.95259282876175],[0.20170381417474995,0.26772459631470097,8.003101994762662],[0.5421058384382705,-0.18122515146720647,7.8871811223074975],[-1.4430309321958248,-0.4323738006034448,0.6275496423159437],[1.4132152009401948,-0.668577749051657,0.07352668545316732]]},{"ts":1757734434.2333496,"keypoints_3d":[[0.0,0.0,4.209898656004478],[0.024255146028070038,-0.0010528932137083618,5.054379929348592],[0.008085188253550021,-0.00035099762827230525,5.899055149673462],[-0.008085188253549994,0.0003509976282721421,6.743755597140526],[-0.2389588072501551,0.00035490147207250996,6.743928141655988],[-0.8318913335808816,0.0003546451114286497,6.732577402687516],[-1.4732527788756091,0.8888238520675528,6.079786863561311],[-2.025404836415588,1.9477663883501029,5.800699286205816],[-2.135835238854858,2.159554967207252,5.7448817515210955],[-2.3566960437333973,2.583132124921549,5.633246682151655],[-1.9927963532514037,2.4750871585535044,5.581231466947504],[0.22261256623571093,0.00035490147207247445,6.752764043316187],[0.8155451752982441,0.00035515536536228894,6.764114776297186],[1.4662896477257763,-0.6209118187031016,5.860003938421702],[0.8290799832909311,0.3344241289847164,5.429401514283632],[0.7016379724930061,0.5254910609834351,5.3432809791705145],[0.4467541456745459,0.9076255688279848,5.171040034658039],[0.3424264467698075,0.5411161106451456,5.2108983827491215],[-0.5005873909919051,-0.018055218289293042,4.224253909054084],[-1.3311423266175342,1.4974605882656826,3.104220740062517],[-1.6804755520628165,1.2036894437730712,1.3314697836308294],[-1.9629518304704419,1.6414871222162726,0.8420160100374647],[0.5005873909919051,0.018055218289293042,4.195543402954873],[0.7960803183402775,0.5405172141392769,2.225568098058046],[1.0574181919574797,1.0438884398364434,0.4850793154177242],[1.1039079075247982,1.6977195515768768,0.19982850326059864],[0.022487719407607996,0.18120175071023398,7.434826677553015],[0.05379125598669998,0.14493616929428135,7.6454191096089605],[-0.01793622354788467,-0.05542451622548636,7.776621221611513],[-0.17611051734503919,-0.4871126708675158,7.623907904636047],[0.23268158990230453,0.004879453218442975,7.749752539618581],[0.5339734316399206,-0.31625276906569577,7.547780410564219],[-1.7027611880820752,0.9598334086439609,0.9037039932200401],[1.1290342384292362,0.9937349166127609,0.0]]},{"ts":1757734434.307438,"keypoints_3d":[[0.0,0.0,3.907122549695359],[0.02631547769643844,-0.0013308840936970675,4.751226662424846],[0.008772009387777183,-0.00044370064665587175,5.595559084461355],[-0.008772009387777262,0.000443700646655719,6.439916885635329],[-0.23955939336979185,0.00044852391426855267,6.439712145849157],[-0.8286362711035159,0.00044897572030520714,6.427472403111869],[-1.5261300412162118,1.0502535979349847,6.1938965244726845],[-2.137804360375639,2.116435830532973,6.2849469034714875],[-2.260139252620787,2.3296724053804,6.303157014146766],[-2.5048089507245384,2.7561452500744434,6.339577107538032],[-2.1364258399330587,2.6902575775197053,6.248886960651424],[0.22182467503020156,0.00044852391426855115,6.4492988607054],[0.8109015938876271,0.0004480744504427664,6.461538598761896],[1.5079043553217122,-0.6370921554965968,5.595007991000408],[0.7592743896904298,0.3284984955316061,5.432622904256711],[0.6095484065533698,0.5216164784269012,5.400145900957049],[0.31009641944540145,0.9078525028081222,5.335191740637323],[0.23294172544648203,0.5308895581967742,5.320437333049746],[-0.5002450911269909,-0.03068990063193772,3.922669551738004],[-1.527023577284672,1.6338147929298719,3.283411614830407],[-1.910721841720851,1.7068385134616906,1.4966736834439374],[-2.255158070167445,2.20876985164394,1.1231241849762386],[0.5002450911269909,0.03068990063193772,3.8915755476527143],[0.6688274395891268,0.9900125359496282,2.079179076303372],[0.8169109833388739,1.8767231918053862,0.4864444816450515],[0.8283556779622532,2.5782812293276507,0.35304312667926663],[0.01756839678332636,0.14535261571647107,7.098526424582971],[0.046600675575244936,0.10338778070404349,7.295890508843385],[-0.02093094165345189,-0.09065893678169137,7.411954947230473],[-0.16858999953338874,-0.4925354290316635,7.251369064220828],[0.21553368872153592,-0.03212060424412951,7.389617540632456],[0.5013931890840415,-0.3266754459594934,7.1880807965556635],[-1.9238092105079905,1.563869542744798,1.0256108758461506],[0.8624571879561183,1.9384409931743887,0.0]]},{"ts":1757734434.4537544,