{"label":[0.0,0.0,0.0,1.0,0.0,0.0],"seq":[[[0.0,0.0,3.6465241021883696],[0.0234580294473624,-0.0009112767406350443,4.527823289564371],[0.007819478967681781,-0.0003037546469820412,5.409296220579863],[-0.00781947896768183,0.00030375464698213637,6.290795656699802],[-0.24874454017586298,0.0003071015036286319,6.291313177425083],[-0.8257163118942559,0.000306811084093683,6.281076806074342],[-0.19690759767105026,0.6881196442354588,5.384830467673577],[0.3571610050282233,1.6629868987908833,4.84792863172608],[0.4679744087049641,1.8579605287784309,4.7405482665501655],[0.689602032716072,2.2479073914325696,4.525787537070878],[0.8394118263973851,1.9707977007437893,4.752987686674301],[0.23293539250433754,0.0003071015036286322,6.299858824798071],[0.8099071519728096,0.0003073667380635238,6.31009519319556],[0.6831618084844765,0.43794785965006267,5.100074147351615],[0.504230989257732,1.5071760509239513,4.4915048358842995],[0.4684446931966764,1.7210218357848215,4.369790969977454],[0.3968720539098207,2.148713300614559,4.126363254144079],[0.13744064271131656,1.8948202011816857,4.264515859398518],[-0.465792128454545,-0.04866580731168356,3.658872022195052],[-1.9061909879603698,1.4748985315468408,2.795158293839114],[-2.7047114593091,1.672545620846629,0.9550191161941171],[-3.2053534360885862,2.213292900677864,0.6783809619953849],[0.46579214070446573,0.04866583249678365,3.634176185134939],[-0.7535968775975168,1.4814450057875783,2.368383389912029],[-1.5067649115664103,1.480424884698841,0.4987448068465987],[-1.929157175604446,2.0297268984913743,0.1253407593200424],[-0.2831581482623458,0.23642895927523064,6.923143672685978],[-0.3252975167198374,0.22530507952200493,7.138987965033567],[-0.39321897670677053,0.018963418420136,7.272344142342652],[-0.37868396598532617,-0.4586435519235731,7.147231020754134],[-0.16744869343010738,0.14657566038644332,7.322997817902747],[0.26099845007837924,-0.09707530166594402,7.2907498062462075],[-2.804004163302621,1.5581787909610159,0.4338521611575099],[-1.6170232227942625,1.2969840434909956,0.0]],[[0.0,0.0,3.5524336977962943],[0.02350651574084389,-0.0005545304111525952,4.436146207025947],[0.00783570246993518,-0.00018487092938256855,5.320032605925131],[-0.00783570246993533,0.00018487092938250863,6.203945201842451],[-0.24942001742963388,0.0001869147407510574,6.204467218283337],[-0.8542328925893128,0.00018684370060646833,6.193744317054153],[-0.2571197996129094,0.8410524151730304,5.435228336135951],[0.24683852457330976,1.916792576362858,5.112573519502795],[0.34763020549490564,2.1319406491807698,5.048042563074883],[0.5492135673380973,2.5622367948165943,4.91898065021906],[0.7093241054219744,2.2562664750554227,5.088214537840851],[0.2335780065993099,0.0001869147407510772,6.2130306725248605],[0.8383908767326288,0.00018697309966219107,6.223753571598195],[0.5393576059361246,0.6420317141354748,5.157188872961974],[0.17467347510713993,1.7514431792116796,4.767947656937833],[0.10173650235878058,1.9733255795509224,4.6900994426721265],[-0.04413748021858639,2.4170902729788932,4.534403023716606],[-0.2533712563148517,2.112813058001608,4.641779440450267],[-0.46171796587728425,-0.06441807962385128,3.5646749409402356],[-2.1692095770196542,1.337596359820764,3.2555637711323704],[-2.8103838698066266,1.459041945538996,1.3830324234010205],[-3.3833940497213693,1.8839995492239536,1.081810086019471],[0.46171796665984227,0.06441807817368929,3.540192461358026],[-0.6290590962849973,1.699698226625373,2.4853043910348527],[-0.8504884231369285,1.2295863396789968,0.5716193335836306],[-1.1910202529728096,1.6257609373624542,0.0],[-0.2714524128017652,0.19979489314279342,6.837779947455312],[-0.3046635586983333,0.18168040924445078,7.050384406834928],[-0.3529314999798437,-0.027429813378762602,7.178562942443326],[-0.3112931203129901,-0.49107967988129997,7.044668807593837],[-0.13890992191025053,0.11147760684081849,7.223831043182484],[0.2951021907641177,-0.09750898659785723,7.172928446445479],[-2.8331054955623767,1.3578713978846835,0.8592628479755069],[-0.8107875829598492,0.9408241746285996,0.12426412877663928]],[[0.0,0.0,3.2544528144344596],[0.019353023523796423,-0.00043953577714303033,4.138488650817322],[0.006451078021766495,-0.0001465078813573769,5.022642435067898],[-0.006451078021766585,0.0001465078813573319,5.90682264673409],[-0.2480932670546082,0.00014800893631967924,5.9081026789518365],[-0.8641329524708243,0.00014763127202455542,5.899113352874943],[-0.29770349814358615,0.8847712147803164,5.199415138859684],[0.15948636905803426,1.993195713672677,5.011876546053371],[0.25092416782628524,2.2148806202948457,4.97436886175014],[0.4338005692222432,2.6582501998084456,4.899353278766723],[0.6021370057147961,2.3455225463823597,5.03205237448879],[0.23505143938465878,0.00014800893631970933,5.91515250404698],[0.8510919306302994,0.00014812700734891153,5.924141664885575],[0.4560563525393403,0.6782359662757732,4.9356466138576085],[-0.07584450794153645,1.7672272883870495,4.872574058448448],[-0.18222483417273216,1.9850256375180977,4.859959565606079],[-0.3949854834782355,2.420622329083688,4.83473060583713],[-0.550239317433135,2.0760518635018426,4.864939803220064],[-0.4605713258845604,-0.07091129719004532,3.2645003619702733],[-1.364730098005436,1.7180095329829963,2.4033096893235024],[-1.6716915514626405,1.102671507021394,0.5901246567918874],[-1.9769780531702026,1.466031786266554,0.0],[0.4605713258845604,0.07091129719004532,3.244405266898646],[-0.6032441641562415,1.8170204401419412,2.483623640211249],[-0.6732490428799665,1.2073952522375018,0.6440679388386106],[-0.9737306255939433,1.5406011856355672,0.03401693770722547],[-0.23998941262155152,0.15600203119845704,6.547097591868091],[-0.2633323378076988,0.1260435125793631,6.754834431644238],[-0.30255188760111223,-0.08591709516606229,6.870135948132257],[-0.2617375942056997,-0.5305226815559506,6.711851047339666],[-0.09328450697592408,0.05033154875795129,6.913299917528361],[0.3311863816998469,-0.14448475125355234,6.834148983397782],[-1.6722501271867802,0.7764388542457656,0.18243792624156896],[-0.5964234725258362,0.8931181345235816,0.23423316799932437]],[[0.0,0.0,3.1204701337447904],[-0.015566844195675885,0.0013175194790677968,4.000017597580852],[-0.005188957146746057,0.00043915409062822197,4.879642251535724],[0.005188957146746082,-0.00043915409062854664,5.759293249496109],[0.2455803705826309,-0.0004440156777982172,5.761238262610101],[0.8642651411393565,-0.00044406269731373237,5.753939198079219],[0.3990684620654771,-0.9538480723952253,5.087771311736623],[0.047379394291063734,-2.1053730313739547,5.0547851223445806],[-0.02295871406329169,-2.335677849815704,5.0481878097046575],[-0.16363419424742467,-2.796287918070992,5.034993377630822],[-0.3613772309488014,-2.486199687259084,5.114612601061394],[-0.23508909148715346,-0.00044401567779816576,5.766908975752217],[-0.8537738578619049,-0.00044395657805585087,5.774208036738758],[-0.49963362009672047,-0.7782763337762849,4.858386728878654],[-0.3208441239784041,-1.9682565288089715,4.910967670609556],[-0.28508619148858866,-2.206252470368414,4.921483833121895],[-0.21357039342054554,-2.6822445467709275,4.942516214856036],[0.027764269409577703,-2.399559139023364,5.001193392404374],[0.46311338096324106,0.08044232380583631,3.1285459518743237],[0.2662807034872496,-1.8655534051865168,2.3233784134693645],[0.5850439271455034,-1.0176073552414544,0.6758530021646965],[0.621330164271647,-1.3021906407347879,0.0],[-0.46311338096324106,-0.08044232380583631,3.112394315615257],[0.35800493284869334,-2.00218484624739,2.785884738879125],[0.4176390480819285,-1.2656899775112391,1.0570174120494085],[0.6597875671156421,-1.559291361240476,0.42912853426292097],[0.1994650327677893,-0.03600442374230717,6.418484073184231],[0.21104164423982022,0.029950239336009758,6.6152637427699315],[0.24344363121341303,0.255920472199698,6.691315791361038],[0.21238887363587694,0.6580383569029112,6.457364450427841],[0.035302804372289956,0.12974499667260336,6.74585120617064],[-0.37734400976186094,0.3005413564423958,6.611881435281074],[0.6792031899494088,-0.6400976937058235,