{"label":[0.0,0.0,0.0,0.0,0.0,0.0],"seq":[[[0.0,0.0,4.155737652841042],[-0.04450179240558527,0.0034032189239139583,5.065911505265687],[-0.0148342568706101,0.0011344480752111055,5.976692857990799],[0.014834256870609961,-0.001134448075211176,6.887501766730738],[-0.23385253719642918,-0.0011470990829246784,6.900557216626723],[-0.6570692775712583,-0.0011473447467059315,6.914342995613794],[-1.4923019171271095,0.3369765419930813,6.429238282156081],[-0.9441659381877349,0.5964077677738647,7.204157932527678],[-0.8345388922553035,0.6482940736957631,7.359141898708284],[-0.6152846745366214,0.752066797071958,7.669109848902048],[-0.5894844226625126,0.8333257438450052,7.373757052715907],[0.2638438697869238,-0.001147099082924679,6.884345403367622],[0.687060610161753,-0.00114685341914353,6.870559624380551],[0.8267226146290036,-0.10758294148640961,5.862376300843019],[0.7465674937611202,0.8222997818635143,6.174066442323602],[0.730536459793418,1.00827633332792,6.2364045373374015],[0.698474424209191,1.3802294262414543,6.361080561685327],[0.4806378953753976,1.184611827233624,6.267363058229125],[-0.4411411913139143,0.0279811208036583,4.134063870802711],[-0.035342325026077794,0.19175956355874138,2.2109472144502087],[0.21631362832206283,-0.18309801180115357,0.5169482543224699],[0.3998979380594731,0.22649617023035812,0.0],[0.4411411913139143,-0.0279811208036583,4.177411434879373],[1.1399597277569302,-0.3218961339080342,2.356658827639765],[1.6437739743807454,-1.0945034952627675,0.8657764290733754],[1.9089804326484865,-0.8196644959178276,0.2975907575997847],[-0.06299734623705804,0.5333506974531493,7.597797271312279],[-0.08203588399155501,0.5887104368888343,7.860901114887094],[-0.24607926604910654,0.4322010729112577,8.075252650117688],[-0.5045106888470324,-0.11351644416549911,8.044356995863588],[0.07606921560243789,0.4543176207724761,8.093910296294043],[0.40824403218501804,-0.05085375191393605,8.097220570889084],[0.2390040103357798,-0.4445817553004541,0.12459809111956055],[1.7233098440380576,-1.4436520641189945,0.5582107134513294]],[[0.0,0.0,4.024678293868088],[-0.04225167576208564,0.0033986851256541145,4.930793306250521],[-0.01408425186590677,0.001133033118918603,5.837459045202808],[0.014084251865906667,-0.001133033118918587,6.744151820576253],[-0.2334863899994567,-0.0011453218149418175,6.756775392070189],[-0.6613423647302127,-0.0011451686120907004,6.770067427594283],[-1.5236399301543493,0.29156018767155983,6.3135890091852955],[-1.020309619059218,0.7300916606327257,7.03029959138693],[-0.9196435087642353,0.8177978308367514,7.173641817827926],[-0.7183116208775114,0.9932107316883101,7.460325874370316],[-0.694036272696804,1.0238300552390893,7.156840868323645],[0.26196105768565453,-0.001145321814941771,6.741383325906726],[0.6898170035405322,-0.0011455292286216446,6.7280911110910155],[0.7148424218458189,0.009971683070297414,5.7098298799607425],[0.6688408635590561,0.9141414799114501,6.083576405935197],[0.6596403788610397,1.0949756359653624,6.1583256134190485],[0.641239834491708,1.4566434491272104,6.307824271062609],[0.41563830568371596,1.266291451347859,6.227200415210744],[-0.4437384464086648,0.04191303283799157,4.003829743876156],[-0.0245658381059622,0.46536772156055567,2.162470940193004],[0.1823508576737615,0.24458513038409205,0.46897053478969974],[0.3851980778869197,0.6807548115477841,0.0],[0.44373844442592786,-0.041913033065700975,4.045526854264875],[1.2549285961595191,0.03979101902930173,2.2902728643837325],[1.6435096063447114,-0.7139271766026501,0.7934705117002481],[1.9709573434953884,-0.46859266400136734,0.26063530628140885],[-0.029088827546018207,0.5647494257681062,7.410048386902844],[-0.03176640326448961,0.6350592797401298,7.664792782984532],[-0.17391474614540633,0.4918555045648462,7.8947479286613085],[-0.41437389523804535,-0.04960633174273631,7.915542675313825],[0.14177487731897978,0.5217428876861636,7.88981682458009],[0.48007952191280084,0.03507524323417819,7.901571532521327],[0.18370747195426473,0.025600837148161918,0.0607938726160393],[1.66388737459748,-1.0469447447992781,0.4721480737861401]],[[0.0,0.0,3.515453954848607],[-0.014428855403801732,-0.0013130550608464546,4.4011709171249285],[-0.004809819612448885,-0.0004376179525590122,5.2869537753460385],[0.004809819612448823,0.00043761795255900054,6.17276314551419],[-0.23715524608861024,0.00044243045748186587,6.180205140464688],[-0.6837743486620469,0.00044253513712127574,6.185055230718416],[-1.5804382041763518,0.2312920095075396,5.807163391823275],[-1.3069270855754076,0.8055672766885057,6.528306821430505],[-1.252225000140729,0.9204223776999834,6.672535571737824],[-1.1428204835575961,1.1501324607847276,6.96099291138778],[-1.0970798824496235,1.1775685197295256,6.6653566809070846],[0.24687941105278205,0.00044243045748180553,6.17494857092733],[0.6934985684500782,0.00044238930971376804,6.170098504270314],[0.7001361007018497,0.23491994171141597,5.197948215209573],[0.7622855381677367,0.8092654987228561,5.966657270470199],[0.7747154411236904,0.9241346320848256,6.120399034776199],[0.7995752470355976,1.153872898808765,6.427882563388197],[0.5572917448221391,1.0593941258750876,6.277489511647202],[-0.46184857995316475,0.05045213177278816,3.5080048626491664],[-0.12835022976144075,1.284675523207313,2.105618694786612],[-0.15485783231470018,1.5545698976281934,0.4407283329091758],[0.010118276262330137,2.0923988872971653,0.0980225177307914],[0.46184857995316475,-0.05045213177278816,3.522903047048047],[1.3118668814000085,1.0357962674896746,2.219542767516181],[1.3452627199044058,0.7608495298362763,0.5556035211771437],[1.6277569702594417,1.1126324463310597,0.07563470678979689],[-0.04221138570074494,0.3380655549309456,6.821530809591873],[-0.04545338623396929,0.3481671313828415,7.042648813938094],[-0.16091928388658425,0.18551984413691663,7.203525498367112],[-0.3505269775618906,-0.2656457454005397,7.119408081842213],[0.10276878759372347,0.217633206453933,7.205924484405548],[0.3965886570854068,-0.17465748649544874,7.126205346716631],[-0.21868597865339706,1.465258624548251,0.0],[1.2622303323131008,0.5519394303703523,0.1609465360487894]],[[0.0,0.0,3.050103497252152],[0.00822135171011158,-0.005558814396489216,3.925925577768967],[0.002740605903292977,-0.0018530124632785087,4.801778967879191],[-0.0027406059032929917,0.0018530124632782762,5.677658606874138],[-0.24207643847108065,0.0018730550286725927,5.680920938663451],[-0.6956059391170479,0.0018731119425539253,5.678082924366409],[-1.5913905127121488,0.23309151326829367,5.342072257968933],[-1.2587255290023756,0.647392570909492,6.125266856692483],[-1.1921925025493825,0.730252687650504,6.281905815025313],[-1.0591263839364031,0.8959730545708605,6.595183600128165],[-1.0355036904593264,0.9791253604872614,6.3124318836446065],[0.23653609593921104,0.0018730550286726467,5.683915948379887],[0.6900655965851784,0.0018729981147912076,5.68675396267693],[0.8412885426277461,0.19681792934573158,4.733904195619382],[0.7963862971554011,0.6276177443743778,5.575391334837162],[0.7874059561960375,0.7137776143610532,5.743688749316778],[0.7694452742773102,0.8860973543344042,6.08028357827601],[0.5554992406690314,0.8327120042101209,5.883311712423961],[-0.4717544964421856,0.03982002363966689,3.054784466318772],[-0.15762245673811673,1.5736618549322132,2.021599287978851],[-0.3633475677489892,2.035823626132793,0.4327673049319478],[-0.22598267746403217,2.6021446070297163,0.14223709631085502],[0.4717544964421856,-0.03982002363966689,3.0454225281855316],[0.7390450637671382,1.7628575145159548,2.6007542610641674],[0.5657265926969842,1.7072627541549514,0.9432945336326934],[0.6049753136705595,2.1860858641467753,0.5037674950091682],[0.0076704741747498075,0.2438686387372336,6.3148085772799485],[0.01482180869346216,0.22879273698621955,6.520029880877005],[-0.09802342038426401,0.06958010297048456,6.656870623014729],[-0.3125107249077377,-0.3225505711433101,6.540512407822467],[0.14872396537334073,0.07965482121033025,6.649012018331716],[0.3866072076829852,-0.2940056932122641,6.518246381503424],[-0.4777107148681465,2.001103751527696,0.0],