{"label":[0.0,0.0,1.0,0.0,0.0,0.0],"seq":[[[0.0,0.0,3.687482226977494],[0.008480407426563735,-0.00012452227843629302,4.54203306393494],[0.0028268566570346315,-4.144092559897813e-05,5.396607307759211],[-0.0028268566570346684,4.1440925598971834e-05,6.251207277870829],[0.23063267713675778,4.190212105443706e-05,6.257396242726176],[0.8711786808955599,4.198882877961892e-05,6.261633974423702],[1.2332039345134307,0.5529319468240259,5.261413156961119],[1.1838515388199948,0.13208414983164327,4.189398274164587],[1.173980977933319,0.04791480704501337,3.974995316582767],[1.154240060529939,-0.12042442005786302,3.546189353975411],[0.9117175467435648,0.07267064062122233,3.7294502456746383],[-0.23634781083627351,4.190212105444771e-05,6.254306864959004],[-0.8768938145950756,4.1815413329265595e-05,6.250069133261477],[-1.4383508165109964,0.5753286129491273,5.360685892990805],[-1.978155098762271,1.143124622049561,4.515118725779726],[-2.0861159538986445,1.2566840514183502,4.346005293377782],[-2.30203767265512,1.4838017747635577,4.007778388290071],[-1.9496402523672325,1.4406734790561102,4.068139183694784],[0.4920198107223715,-0.016500525667298087,3.682597116339613],[0.71952382920013,-0.7147095900916729,2.03764352938395],[0.9066433526012065,-0.44397131551372165,0.47056412306010786],[0.9782366281526289,-0.8495101388556572,0.0],[-0.49201984565053763,0.016500521502131722,3.692367339242137],[-0.8791676161307391,0.5271120616520806,2.0087642930265543],[-1.2243870226047489,0.9476738692312721,0.502775562460418],[-1.324658379243294,0.5895128210817996,9.850155261137417e-05],[0.017885295936915988,0.010791819359370675,7.357037931534616],[0.018562339886146428,0.15492730550574507,7.658449713049848],[0.20999692032086226,0.4736987354406254,7.764820141164355],[0.5515514500020134,0.9925661186746724,7.345573532010947],[-0.19060559870035115,0.4596031928530039,7.772460641669241],[-0.583489039694509,0.9526286995601998,7.36722095480823],[0.9451520899417032,-0.21854579250787645,0.10505882897134278],[-1.3060363509974682,1.2072479684107327,0.1683383255954185]],[[0.0,0.0,3.695302679226025],[0.007575331788535896,-0.00014018024881312064,4.549250369487065],[0.0025251610505234176,-4.670881312891924e-05,5.403216670887456],[-0.002525161050523405,4.670881312890464e-05,6.257208453269705],[0.23077156416757588,4.725882916391991e-05,6.26322952051901],[0.8722357502199162,4.686466739084633e-05,6.267023075913156],[1.210608474615432,0.4389266553131064,5.221322031147839],[1.1477083647190733,0.008003182694026363,4.169996880784247],[1.1351283097483076,-0.07818128803263225,3.9597318519259113],[1.1099682806090931,-0.25055078681073695,3.539201756002],[0.8763351348269249,-0.05057241627571528,3.7175551646108755],[-0.23587677845769192,4.72588291639252e-05,6.26046967356136],[-0.877340947072889,4.7655565116326635e-05,6.2566761174947665],[-1.43896583985504,0.5796316310501246,5.391076569852289],[-1.978917143943326,1.1482538655427224,4.566421050155711],[-2.086907397259122,1.2619778600785228,4.4014898896654095],[-2.302887922645367,1.4894269800569215,4.0716277100622715],[-1.9545017162918787,1.4471765542450454,4.128440436587525],[0.4925333551237967,-0.017375483314091108,3.690930576331487],[0.7753800260778696,-0.7413678613379298,2.0583389331522994],[1.0015825225863866,-0.36406794011460514,0.5124398443581248],[1.0934865108148952,-0.7380799881431127,0.016833320358737414],[-0.49253332024951046,0.017375488462449722,3.6996747807756676],[-0.8814916168738063,0.5475474643470133,2.0152901532845773],[-1.2283349906181134,0.9856130005076903,0.5082649066072178],[-1.3292796084660055,0.6314462844818027,0.0],[0.059185968645320934,-0.06365251720408406,7.3473360319942635],[0.07042201507694107,0.05825027090191723,7.654190829593259],[0.2620310939572862,0.3669615994837345,7.7735201670138885],[0.581391594027557,0.9095586554564772,7.38265197298664],[-0.13345960125896525,0.34961092441066427,7.794894544024199],[-0.5391653555790968,0.860398307856223,7.443212842166442],[1.0463486208151265,-0.11363044101101809,0.1623423841838476],[-1.3103012601281527,1.2496906082850687,0.17534475864290977]],[[0.0,0.0,3.7439160045369873],[-0.006878110539044999,-0.0003341096905464914,4.596724493706615],[-0.002292734445870116,-0.00011143308647501893,5.449548444625725],[0.0022927344458701384,0.00011143308647498364,6.302397969263186],[-0.23069439765263422,0.00011265096353084959,6.308285500859301],[-0.873319019490435,0.00011222139955300241,6.311740702867208],[-1.1925250443008337,-0.4617116223275404,5.273038274777647],[-1.1256826002298073,-0.022569489837944032,4.228247061822715],[-1.112314072790662,0.06525871251961304,4.019288802527774],[-1.0855771144747215,0.2409156775856327,3.601372325697778],[-0.8499894053516823,0.04621770774272903,3.781339175578461],[0.23532968013458436,0.00011265096353082414,6.305779562824504],[0.8779542845529701,0.00011307757219665342,6.302324360192843],[1.455193383415783,-0.5112681130159219,5.408254650995231],[2.0101894275028576,-1.0124631520603247,4.55403849422184],[2.121188635455906,-1.1127025023993848,4.383195306396654],[2.343187006771568,-1.3131800681452848,4.041508807511777],[1.9944990363708566,-1.2786866805436183,4.096497319512363],[-0.493567258792395,0.016872251373460545,3.739941878748072],[-0.8139217676940147,0.8510910683399127,2.1514357062805956],[-1.0561562297471443,0.502415722174977,0.5879592149615473],[-1.162935666056449,0.8889443301021542,0.09861052400920034],[0.493567258792395,-0.016872251373460545,3.7478901303259025],[0.899658858867057,-0.4694714093689587,2.02971000832619],[1.2616940047331613,-0.8381566494302244,0.49422533485638365],[1.365986804930983,-0.4571941106028202,0.0],[-0.07684111240324926,0.15360181835249737,7.356424335122167],[-0.09243663122457087,0.06080509822926524,7.665022240577269],[-0.28003104766526254,-0.23069603919163253,7.803989348318365],[-0.5825177744676304,-0.7935726105898534,7.464289873217574],[0.10567119860230344,-0.20948829759422022,7.829858631062422],[0.510305485389051,-0.7334848180128564,7.537586456364104],[-1.1013079705932154,0.25734772147320784,0.22991651823572257],[1.3476080655624683,-1.088039060595683,0.14713887821305516]],[[0.0,0.0,3.800326550804047],[-0.007647746409041702,-0.0008817060502389396,4.646165755533637],[-0.0025493093452434844,-0.00029384302957822514,5.492024340509557],[0.0025493093452434758,0.000293843029578205,6.337908433612672],[-0.2285320276698946,0.00029696096375887585,6.343898359770725],[-0.8816443120915134,0.00029636380431484363,6.347835008828435],[-1.246275210158682,-0.4972156057788151,5.308457683110935],[-1.1640786225018913,0.4047575257628004,4.580268270584882],[-1.1476391999614937,0.5851519399097102,4.434630355064889],[-1.1147606159158125,0.9459413000528649,4.143354570653826],[-0.8678860980812838,0.6944489099476572,4.2306495269169675],[0.23368608931349893,0.0002969609637588637,6.341112195983001],[0.8867983385748027,0.00029755074976339774,6.337175545171895],[1.5856137513313233,-0.6269317638096863,5.576242353068945],[2.2480884306772344,-1.1352190287364574,4.767945441423146],[2.3805834103569805,-1.2368768247155797,4.606286032687375],[2.6455731304162478,-1.4401912925418354,4.282967286592807],[2.285890287332213,-1.4533448126033608,4.330622119536899],[-0.49999054593060693,0.006055576598648816,3.7958121127049527],[-0.8235558512339871,1.118142638655859,2.3478627880937637],[-1.0496772819775642,0.9223113517919611,0.7270740630926027],[-1.1601499684585026,1.3621416254100935,0.2703449288572233],[0.499990510770292,-0.006055583972088314,3.8048409871497464],[0.9828198023206643,-0.22340582283622973,2.027870599623305],[1.412290555465255,-0.3834402557358942,0.44471563819852555],[1.5226397050012759,0.0685637855703047,0.0],[-0.10427320235027389,0.3423798026858504,7.150110679926734],[-0.12916028751718106,0.3317917848537286,7.416899034137977],[-0.2901054808391144,0.1242119975661558,7.582318172295039],[-0.527619216822559,-0.40256329048792117,7.415271699858501],[0.029104486146033986,0.15069684972192945,7.613146589092678],[0.3768092544324328,-0.327523403136611,7.5026184848535],[-1.0882269234737654,0.7104239519226058,