{"label":2,"data":[{"ts":1757734870.3593783,"keypoints_3d":[[0.0,0.0,2.4060671343187856],[-0.06101295550212348,0.011744257740270901,3.3974106346697095],[-0.020338060635323417,0.003914878856905688,4.389835335315809],[0.02033806063532341,-0.003914878856905865,5.382289752171404],[-0.2506035806583076,-0.003957149262444199,5.39879660836567],[-0.6758625563812338,-0.003957136227125431,5.4162259685606085],[0.5499172513126638,-0.2475636510611467,5.166581254628699],[1.7278047341828147,-0.4601602181391315,4.903806138797523],[1.9633822887995915,-0.5026794590914191,4.8512510640697215],[2.434537282657086,-0.5877179429931545,4.746140889947663],[2.118536473939589,-0.7514085884685546,4.605032220609621],[0.2917218214405058,-0.003957149262444326,5.376569343364572],[0.7169808044606667,-0.003957095841620062,5.359140084779883],[1.6124468824180203,-0.21999559202524374,4.47841822896077],[2.506544121919665,0.2490280185745339,3.783958691970422],[2.6853636257080624,0.342832819753484,3.6450667425551497],[3.0430025179087976,0.5304424201142244,3.367282819058149],[2.6690714045101185,0.49401152413131433,3.2937230543005924],[-0.3631444574700371,0.06827061914190752,2.382908280259744],[0.813824886709567,0.19864434985194232,1.4463483211160115],[0.8342828251747537,-0.6219399965551883,0.38463759070293424],[1.187729907343273,-0.6641624266694419,0.0],[0.3631444574700371,-0.06827061914190752,2.4292259883778273],[1.3240675362648133,0.6054535583137269,1.4794254223270504],[1.1607208843924621,-0.282246636281274,0.48629209248033023],[1.3818164223517233,-0.29888078899451104,0.0114304455010652],[-0.11554704370545081,0.6265097734139076,6.296608697042357],[-0.1859011631361654,0.6823638611291549,6.622420312477846],[-0.4684419116704507,0.5154598337702974,6.835427505077478],[-0.8968964734983134,-0.09178245974176015,6.685743373246534],[-0.07703331523560428,0.4646020582300815,6.928664849073726],[0.21209463008500914,-0.23588038051359075,6.9499162379868835],[0.7232864463727211,-0.8813939465007664,0.15894657800296974],[1.0325734500344803,-0.5726020259414529,0.313535080130654]]},{"ts":1757734870.4459267,"keypoints_3d":[[0.0,0.0,2.2947423198335772],[-0.06118920964841442,0.013033151238757285,3.2590317100719166],[-0.02039680921776449,0.0043444730421356706,4.224448064425459],[0.020396809217764253,-0.004344473042134747,5.189893250394528],[-0.2431670323991999,-0.004391531643025352,5.206285701237917],[-0.6668409734043762,-0.004391677563424959,5.224187666195833],[0.6116745343653335,-0.3306807108947394,4.868430933819473],[1.8503134163582562,-0.6991515108161307,4.630247143567283],[2.0980412825917463,-0.7728455376483961,4.582610292170571],[2.5934969054062593,-0.9202335690323987,4.487336571497479],[2.241107303453408,-1.1135074637349671,4.403695548507392],[0.2844040584523983,-0.004391531643025461,5.18399392685474],[0.7080780532830995,-0.004391392815398002,5.166091976493522],[1.7550329989799927,-0.051951777332607404,4.289021225085448],[2.7420028543062047,0.4886762476708792,3.61053714605956],[2.939396954808608,0.5968019143751349,3.474840315986947],[3.334184942512729,0.8130532680597506,3.203446586141197],[2.939641707574995,0.7653838313082418,3.100528971192422],[-0.38457268363144786,0.08266088554889757,2.2692219070774344],[0.9498153671484006,0.09454432304576257,1.4779689547415993],[0.8812195064843296,-0.7290850395214387,0.37406214617457745],[1.2535894177275393,-0.8359698432187866,0.0],[0.38457268363144786,-0.08266088554889757,2.32026273258972],[1.572156518702116,0.5218480388466011,1.5258902820964706],[1.306433402077907,-0.429228705133247,0.5633289514978321],[1.552542930022296,-0.5223319535283056,0.09346917917405273],[-0.07006725387226634,0.6313007138769402,6.035209960140968],[-0.14037069947337125,0.7009205233034436,6.340201276843818],[-0.430270748377952,0.5788159203990062,6.537211563509745],[-0.8922451050584643,0.04559921737592774,6.397376836390732],[-0.06934197814726983,0.4937062736672387,6.639836736764449],[0.13038589504106177,-0.19554670886358022,6.68814921550276],[0.7342309374817092,-0.9679997066330018,0.13078060257638358],[1.135822520555041,-0.7152198703281768,0.39909509873954563]]},{"ts":1757734870.5677986,"keypoints_3d":[[0.0,0.0,2.397326331619559],[-0.05340297855865068,0.015477807728872209,3.304294803931095],[-0.01780133307273207,0.005159490021000521,4.212209635576848],[0.017801333072732288,-0.005159490021000399,5.120151760404066],[-0.230085281724248,-0.00521514603882615,5.134813529246871],[-0.6358336260272272,-0.005215596062606094,5.150723980674594],[0.6812181787697968,-0.170856796477223,4.851934825321157],[1.9476072874098787,-0.329116137296282,4.5640492179414975],[2.2008851471870874,-0.360767847863383,4.506472046922514],[2.7074408667415044,-0.4240712689975851,4.391317704884549],[2.375343550102598,-0.5456916672349977,4.186431386617645],[0.26607506548398,-0.0052151460388261,5.115357926920069],[0.6718234097869592,-0.005214696015046156,5.099447475492346],[2.0308783948831834,-0.0032870483958018165,5.033851578975503],[3.337576525793701,0.02226436977808014,4.974245717443207],[3.598916193874539,0.027374649336724764,4.962324553669104],[4.121595525527269,0.037595212358413156,4.938482237888399],[3.845212681078572,0.07783726646569185,4.640066881239434],[-0.42491000194821144,0.12985205471736233,2.370091348199164],[1.2143730864300566,0.17980170227380338,1.79753230729622],[1.2988665166905473,-0.38283196122285734,0.3620687855167013],[1.776802956569783,-0.44671631639113074,0.0],[0.42491000194821144,-0.12985205471736233,2.424561315039954],[1.655933082971341,1.0809309925773714,2.2344190718898767],[1.6450244357845456,0.5259332241336667,0.7935481290472239],[1.9739936327646859,0.688080527847264,0.3149190023247965],[-0.21139388196391976,0.5105822560629667,5.918063099228793],[-0.32437302693398934,0.54973343656788,6.187978921209449],[-0.6150696403008227,0.4190551360700898,6.311275638637511],[-0.9993917935358195,-0.06421101811244562,6.0719794623570635],[-0.3015896490285509,0.3369345930571146,6.4544007859899],[-0.11119888145325613,-0.29688749176443907,6.47750164490139],[1.1677189196553024,-0.5490815030009514,0.004270334699936207],[1.5317318373928035,0.28688486602561086,0.4728008635041727]]},{"ts":1757734870.6285868,