{"label":[1.0,0.0,0.0,0.0,0.0,0.0],"seq":[[[0.0,0.0,3.714339791022198],[-0.018735738697690036,0.001060782830862916,4.572648550039392],[-0.006245339283817115,0.0003533718845919889,5.4310714933971225],[0.006245339283817114,-0.0003533718845920785,6.289520047807303],[-0.22822853902652804,-0.00035781919635212537,6.297597930608893],[-0.8697487441198698,-0.00035848507461809113,6.306932457564288],[-1.097663130488465,-0.875741983621081,5.486844025099431],[-1.3159589699592182,-1.7530769192606543,4.737881156145945],[-1.3596181442127833,-1.928544122300108,4.588088644858677],[-1.446936491903906,-2.279478535986612,4.288503588338533],[-1.1264856353693133,-2.140081289736291,4.3998743055131815],[0.2408550871135092,-0.00035781919635207576,6.290772463470828],[0.8823753614519362,-0.00035714635461780964,6.281437936619399],[1.2151149830206605,-0.595732267738574,5.268719393123094],[1.535057670379758,-1.1883914106424909,4.307102286676178],[1.5990462631660451,-1.3069232328917404,4.11477886886453],[1.7270233102484485,-1.543986891317175,3.7301320330332985],[1.3919364993202141,-1.465068196108189,3.856671817154058],[-0.48763546713469,0.03376311078229397,3.7036537040186484],[-0.9671068919380937,0.9699008698859564,2.1454101235855223],[-1.3077417867560992,0.33526503129259844,0.6374995318388823],[-1.4755509353543395,0.6387575942779626,0.08468634309871703],[0.48763546713469,-0.03376311078229397,3.7250258780257473],[1.0145688087966902,-0.6935922716905457,2.0453425064378896],[1.485373665439367,-1.245486651046026,0.5399040347141537],[1.6344382341895303,-0.9105940458706854,0.0],[-0.03555205298977456,0.39303003538599496,7.229354724543819],[-0.04683132233257699,0.38055729840634106,7.536906776570243],[-0.23539862277706236,0.15329077555464818,7.736704600976561],[-0.5579356543385543,-0.4313794913794577,7.559268397059274],[0.13390419404675508,0.15956349953521237,7.750503107511221],[0.4884223053060438,-0.41360591706369754,7.59836373533718],[-1.3653503386903159,0.022555380047545946,0.3191337490292909],[1.5926204540033901,-1.5410821074860712,0.21805927216291243]],[[0.0,0.0,3.8723446177841145],[-0.01320821282969611,6.531051484550566e-05,4.7154254694215885],[-0.004402834728153165,2.1826470613589857e-05,5.55856363842075],[0.004402834728153164,-2.1826470613606056e-05,6.401727280858765],[-0.2259149482298348,-2.1799492035231016e-05,6.4087150635591215],[-0.8852910467785183,-2.1112466114503972e-05,6.415601379490171],[-1.2279908599493161,-0.7166120105083037,5.534810522349475],[-1.5562877793639653,-1.4432785899726535,4.7194672289576625],[-1.6219471956019162,-1.5886121404443732,4.5563986150256275],[-1.7532658826284688,-1.879279229820846,4.230261350917183],[-1.4256244666675324,-1.7797097824469945,4.328630013375604],[0.23481625006169113,-2.1799492035213208e-05,6.403903367967686],[0.8941923848463869,-2.2482451388579217e-05,6.397017052014511],[1.3357596496583495,-0.42245896957527,5.380501493766247],[1.7601927960389177,-0.8483089235881184,4.411421126019102],[1.8450793672363515,-0.9334789199573352,4.217605059736248],[2.014852654575268,-1.1038188964294993,3.8299729270820393],[1.6759375618923664,-1.0567796346575027,3.929287067556476],[-0.5018062912334142,0.024474054762048173,3.8644811032967055],[-1.1193251146152772,1.1599936290903765,2.391580486123991],[-1.431327630520629,0.4417512502953064,0.8356271773216424],[-1.6456401186800067,0.730070200462966,0.25799477177542585],[0.5018062912334142,-0.024474054762048173,3.8802081322715236],[1.1023503625216606,-0.6551327821626969,2.1247059563978086],[1.6375869860754584,-1.1818923334414586,0.5530014644690899],[1.7905472551683983,-0.816503024435391,0.0],[-0.04215565469007987,0.5610353364607265,7.1288482966798945],[-0.05326442572862229,0.6216692471548083,7.3996962028707625],[-0.2208590983311686,0.4675421928110718,7.626740651404924],[-0.5029211920419936,-0.08773878556918187,7.608437460967144],[0.11201012011379445,0.48152934285915006,7.637261925352475],[0.44020824737421393,-0.048108140457381675,7.638247686719142],[-1.4638909838920173,0.10623101282144744,0.5095202807707406],[1.7650124336363944,-1.4792756880767395,0.21343374267734427]],[[0.0,0.0,3.9762006714573905],[-0.01066011020668973,-0.00023829554397143736,4.810029408988124],[-0.0035534492442054763,-7.938792694457575e-05,5.643896074647783],[0.003553449244205482,7.938792694453783e-05,6.477787739914647],[-0.22424038181428382,8.003349254472724e-05,6.484261228792025],[-0.8937335263808002,8.036493491712102e-05,6.489966952562012],[-1.2825746453470706,-0.642189770680713,5.646591879855434],[-1.6558716065740706,-1.278493558101405,4.84999473061089],[-1.7305310589655356,-1.4057540795680017,4.69067529425263],[-1.8798499635947283,-1.6602751259068587,4.372036383987018],[-1.560616374057146,-1.5826856422927167,4.4564207289594275],[0.23142454066289075,8.003349254472792e-05,6.480377801975738],[0.9009176104142365,7.969263653356271e-05,6.474672078753242],[1.4020541177652632,-0.2727093594749132,5.500281087725029],[1.883743142631112,-0.5525978328650121,4.568380751175652],[1.9800810074564184,-0.608575520012121,4.382000683427783],[2.172756587476689,-0.7205309131336161,4.009240549027029],[1.842918281247442,-0.694124093797146,4.083808398813701],[-0.5103887073840432,0.01603728631705851,3.9696801702715905],[-1.2768694341342173,1.2138847672472612,2.5361093652579787],[-1.5296134972857918,0.43517607367691186,0.9387904902069435],[-1.7830461526142938,0.7045050101093765,0.34335603700701434],[0.5103887073840432,-0.01603728631705851,3.9827211726431906],[1.1513932401422942,-0.6733488322043424,2.184246734214365],[1.7219387541058495,-1.222525045665601,0.5734775691557075],[1.873875022890137,-0.8492323559916732,0.0],[-0.015680902373601955,0.5869316378077981,7.130456942923335],[-0.01876911366087724,0.6642235661745964,7.384109627778512],[-0.17498915087879874,0.5362131173483405,7.615283983461174],[-0.4516172718798313,0.010422644094684587,7.644601630353501],[0.14309682924005834,0.545467831666944,7.616336919947518],[0.44962643192205404,0.036644080644681984,7.647584267126015],[-1.5293839908835898,0.08583018024877698,0.6048288662427015],[1.8614751194938086,-1.530014690860639,0.22771365415426015]],[[0.0,0.0,3.8309960925383852],[-0.01141184265075944,-0.0002652579977395274,4.664401684761705],[-0.003804033912192999,-8.834493065233783e-05,5.497850868614534],[0.003804033912192995,8.834493065224145e-05,6.3313248765187],[-0.22387299665939792,8.930697488674565e-05,6.337933044565546],[-0.8983126866286651,8.905876648641286e-05,6.344089344006885],[-1.3798597633751841,-0.6266919424253358,5.78112497206919],[-1.8424640720334735,-1.2395037442594579,5.250948616433412],[-1.9349850473530321,-1.3620656252621806,5.144913261874223],[-2.120026714022398,-1.60719058567788,4.932842761335929],[-1.833160002106321,-1.5631363632062725,4.960046551045619],[0.23156371376873222,8.93069748867516e-05,6.33377559445037],[0.906003365236072,8.955118967830737e-05,6.327619295737244],[1.4691404672759245,-0.33289621289347604,5.61091268869705],[2.010530014046159,-0.6673618956002384,4.928521437549247],[2.1188079136866502,-0.7342555275599568,4.792043250084976],[2.3353635831644053,-0.8680415716368443,4.519086701991872],[2.044712834998358,-0.8557352277114305,4.537630392503251],[-0.5109995644608682,-0.0024095807999889125,3.8239982269921136],[-1.478745175163742,1.0956860655754068,2.388416298215528],[-1.5998357325434582,0.044347049815784134,0.9048048727086573],[-1.8888613864193329,0.18416986177645792,0.2696842259526333],[0.5109995644608682,0.0024095807999889125,3.837993958084657],[1.1899128712347675,-0.9533630404491668,2.1560860149762124],[1.7926475570234843,-1.7675244796131044,0.6411830815494972],[1.931300963878064,-1.4916188423382064,0.0],[0.019217682838625034,0.46414572665545656,7.025278739012782],[0.01835805451433343,0.5026628694629873,7.274527629786343],[-0.1423677747400495,0.36291310867133586,7.474211955804654],[-0.4434585246059395,-0.11395077450749443,7.429470129280535],[0.1598879989522774,0.34782878224263686,7.477585299210643],[0.412932784217443,-0.15668883883674986,7.4390281261139215],[-1.5438573418002892,