{"label":1,"data":[{"ts":1757734449.6378367,"keypoints_3d":[[0.0,0.0,3.5070588243827396],[-0.018794612833618718,0.0013979618441924183,4.364116530474882],[-0.00626499821124608,0.0004659124198519501,5.221289302453575],[0.006264998211246116,-0.0004659124198519179,6.078487839580986],[-0.22786734507977627,-0.000471067740264176,6.086569443740197],[-0.8495176333143267,-0.00047115074862608857,6.095656391048367],[-1.5646825008641427,-0.18526825638066752,5.3099616295495435],[-1.8063747406560626,0.44055765466044977,4.5193174029845276],[-1.8547132020047852,0.5657227083674521,4.361188540873072],[-1.9513898749552765,0.8160529224862716,4.044930853880372],[-1.7244855349989805,0.585748938696366,4.065252014721283],[0.2405333865244873,-0.00047106774026423596,6.0797225154226755],[0.8621837371937253,-0.00047096285500657277,6.070635561508636],[1.6145383347351139,-0.5218259753333767,5.500479150994559],[2.3379548609629994,-1.0369581647514503,4.965223885405588],[2.482638306219365,-1.139984991229878,4.858172935576864],[2.772004799875008,-1.3460376987059888,4.644070750824296],[2.449039271307097,-1.3617868426944384,4.624477379554568],[-0.4883384865989107,0.039205098823691886,3.4962859192744857],[-1.1640322626944168,0.9753569145217831,1.9996390542023206],[-1.542097199883294,-0.04584861546594301,0.7200945468821711],[-1.784680035395105,0.09581562388751114,0.1271389618509966],[0.4883384865989107,-0.039205098823691886,3.5178317294909935],[1.1116628296131874,-0.9290878101079786,1.971070686101242],[1.6683020647495403,-1.686649310740972,0.5784898125112719],[1.839784332917355,-1.4288608218357137,0.0],[-0.038038665467629906,0.42274330904167035,6.9484812114717425],[-0.029611839102220188,0.42929918801277167,7.24082696366468],[-0.16182002358555658,0.20240331099661604,7.45464095563968],[-0.38824185278030765,-0.4027527266260406,7.3400799133649794],[0.18397734141015143,0.2618325019872893,7.443340893216639],[0.5915168813546442,-0.23436868510862682,7.308062852843518],[-1.5872578811227487,-0.4334720395017219,0.4912316464739992],[1.7966876594767003,-2.0250991222542147,0.3071261622902868]]},{"ts":1757734449.7580693,"keypoints_3d":[[0.0,0.0,3.8697023267735755],[-0.01578155460619678,0.00030585257815208254,4.715697276972218],[-0.005260650767351373,0.00010198132667293709,5.561774049754351],[0.005260650767351306,-0.00010198132667284082,6.4078761603022585],[-0.22585068462534783,-0.00010317106803366428,6.415349002446618],[-0.8354286420254536,-0.0001026231270512337,6.422929104309132],[-1.651395755304512,-0.10721359176889268,5.9498510448930935],[-1.9626547278198332,0.6208050045736527,5.495753863603436],[-2.024906523193494,0.7664087105723909,5.404934369377399],[-2.1494101117643245,1.0576161557442945,5.2232955258455895],[-1.9758122005451193,0.8487602386615174,5.13638596099986],[0.23648635048436642,-0.00010317106803373074,6.40959966638309],[0.846064238776603,-0.00010374547654316473,6.40201957161729],[1.6381773078230413,-0.28023462303471225,5.960248215584564],[2.399802084479998,-0.5644817132389404,5.545243761008114],[2.552127235345671,-0.621331561731395,5.46224293518361],[2.85677706551828,-0.7350301759703998,5.296241119033458],[2.5837456510872445,-0.7783756470886632,5.22634556865542],[-0.49877226427862753,0.031645669521304376,3.86038664627383],[-1.4218596229652136,1.3613997216496476,2.583737236746488],[-1.7208202133616275,0.4287065680904363,1.0349104354257266],[-2.026110695768102,0.6414940085455502,0.4236508610221166],[0.49877226427862753,-0.031645669521304376,3.879018007273321],[1.2537184710265927,-0.8770576557860773,2.1569541108788632],[1.9267084094669051,-1.589810906127843,0.6086566045700406],[2.1174961631960736,-1.2653783285523583,0.0],[-0.040124110724598594,0.4429064365882062,7.090092852117227],[-0.04029064604221578,0.4778696752758937,7.3336855062554225],[-0.16435924075736036,0.31422870437745304,7.5311161344169575],[-0.37175763249759275,-0.1956648710156666,7.489799166644722],[0.1284306404419599,0.35233979509453095,7.5258462547028895],[0.45781406206962305,-0.08768363416297095,7.474867318746394],[-1.7187103882995092,0.04687963942579803,0.7223879923400145],[2.087442400187023,-1.9355393239253014,0.2954429787310806]]},{"ts":1757734449.820279,"keypoints_3d":[[0.0,0.0,3.8403949872190792],[-0.008678268471431425,0.0010035324084415578,4.687435329810544],[-0.0028928348156940743,0.0003345937585179489,5.534500466214212],[0.002892834815694125,-0.00033459375851780114,6.381591045131575],[-0.2285144752420619,-0.00033819857354766504,6.387775337316011],[-0.8358778019367142,-0.00033788037482682885,6.391923637350419],[-1.6879578285834496,-0.053145016602682796,6.132016634284848],[-1.9352144174516444,0.6983010647700124,5.79961471230936],[-1.9846658417518126,0.8485905092446413,5.733134338070145],[-2.083568279092817,1.149168857278045,5.600173551009563],[-1.973334628551094,0.9363525769802786,5.480088558703272],[0.2343630390008605,-0.0003381985735477318,6.384613801127023],[0.8417263656955128,-0.000338516772268518,6.3804655010926155],[1.565692122585908,-0.2356300864633912,5.9147494336950475],[2.2618045017440993,-0.4753467912279824,5.4739978726128395],[2.4010269034915708,-0.5232896812313507,5.385847423312353],[2.679471964668435,-0.6191765738197772,5.209546860825269],[2.4198466705401307,-0.6486479835330977,5.149640002755139],[-0.4989237734731046,0.00532984342516551,3.8352768697856154],[-1.5844134421219327,0.6307245233742447,2.315731500464601],[-2.017497731905913,-0.32359188352074575,0.9135361760671077],[-2.388691805807885,-0.15269280840686272,0.3655083560935428],[0.4989237734731046,-0.00532984342516551,3.845513104652543],[1.1305311976722854,-0.7259617169191205,2.1249942325015043],[1.691418403860292,-1.3266594518783439,0.5793547633460014],[1.82296463090534,-0.9884734339385661,0.0],[0.014654493496464274,0.3530525377158435,7.073485406429407],[0.017745962048261288,0.3613925857622451,7.308020213986961],[-0.12213949213479679,0.20417871485071887,7.479865078739872],[-0.38508130198541946,-0.24322389987248855,7.391199627542765],[0.15947193945765628,0.20191642164997356,7.476233387084845],[0.4128181870038751,-0.24963485522768555,7.380910395747691],[-2.0381278078493272,-0.6986637342137036,0.6288135784568891],[1.834532114054419,-1.639620878283527,0.25725995292963866]]},{"ts":1757734449.8895478,