{"label":4,"data":[{"ts":1757735037.182505,"keypoints_3d":[[0.0,0.0,3.0558253522173957],[-0.00048422291209308213,0.0012730387997097645,3.9844727269916067],[-0.00016140134342306788,0.0004243016023784856,4.913120860621947],[0.0001614013434229822,-0.00042430160237874533,5.841796645841658],[-0.2535659106240292,-0.00042889883362913,5.8469315886813975],[-0.7998605254428869,-0.0004286943525243309,5.8471213823308625],[-1.4952773624273763,0.430454014098169,5.202578668198826],[-1.3508123792494786,0.6221921230392534,6.1748093571674545],[-1.3219193589430842,0.6605398860807158,6.369255367070936],[-1.264133270857407,0.7372350137459502,6.758147596247879],[-1.13402293671497,0.8697583771466334,6.506376914152305],[0.2538922369994511,-0.0004288988336290865,5.846755090067278],[0.8001868518183088,-0.00042910331473410766,5.846565296417813],[1.6521051342349304,-0.08802158719241622,5.253891077982026],[1.4254986937316096,0.8723678023356644,5.424677491043402],[1.3801773978792309,1.064445840389817,5.4588346888467605],[1.28953482555376,1.448601516126781,5.527149296475771],[1.1977997291602243,1.2592913374843318,5.295576260852137],[-0.4264138711893806,-0.01396771098887578,3.0556222027818687],[-0.5670191945450886,-0.36380168976811705,1.570509419337309],[-0.5511326233867182,-1.3709801984220265,0.6538181543899633],[-0.6195228988089715,-1.3527209126886164,0.12668017115165586],[0.4264138708316003,0.013967707670176742,3.0560284954187744],[0.4481632974899272,-0.7034577900261948,1.7023145945439797],[0.4668368407885973,-1.3217857054442743,0.48892831070267206],[0.459137174042387,-1.1125614422861434,0.0],[-0.004358119702548492,0.6202545198557796,6.527917155514221],[-0.0029431007456008104,0.7025349633454654,6.794998141892075],[-0.16520912722602066,0.5698723950539325,7.041433193070663],[-0.46130284669586646,0.018549467801888854,7.07832860420697],[0.17006846693063063,0.5765520776251868,7.037599389583134],[0.48864995989974747,0.03747535803137349,7.067465175997949],[-0.5230403982919327,-1.712792701749562,0.5239669277357932],[0.47562792281153027,-1.5976365998416977,0.2474423229488698]]},{"ts":1757735037.2449903,"keypoints_3d":[[0.0,0.0,2.968765784107073],[0.00024256004246403216,0.0011847863440166003,3.8934885401724433],[8.084741650036136e-05,0.00039493469886259355,4.818211671228381],[-8.084741650035006e-05,-0.00039493469886283365,5.74296263631207],[-0.2527384004499074,-0.0003993909148850489,5.74794394807885],[-0.8009170430803942,-0.0003991144173494096,5.747847992987522],[-1.5348429994088133,0.4337454247351182,5.164025244094347],[-1.3569400104310811,0.6952479165129859,6.1060296683244495],[-1.3213594531245112,0.747548456233044,6.294430637208059],[-1.2501983507346497,0.8521494260423268,6.671232375237594],[-1.1293372086071096,0.963493887040925,6.4078583646028004],[0.2525749669851084,-0.00039939091488504463,5.748032129432083],[0.8007535528927351,-0.0003996705222319813,5.748128089701555],[1.6499696327806068,-0.047074897475526636,5.16107495999468],[1.3808715572327943,0.87876199287167,5.401527687494875],[1.3270519311229139,1.0639295310315713,5.449618145798594],[1.219412692223233,1.4342642063477662,5.545799281691367],[1.1382204185379692,1.2608206100246493,5.301471871941228],[-0.42968063648755517,-0.019489838194876964,2.968903563874621],[-0.6310177358464971,-0.3296322900967742,1.518519948771645],[-0.5615149948141964,-1.4075621016310063,0.7417444733896135],[-0.6443326416896304,-1.4554379974686162,0.2310626401574707],[0.42968060793513657,0.019489834926989705,2.9686280038076958],[0.44994777202634256,-0.6879733844559531,1.649756381867854],[0.4684682969119649,-1.3283687139770561,0.4836974228477189],[0.4577812547083047,-1.1389761706827948,0.0],[0.0009616598685082714,0.6906518388560573,6.308599330878634],[-0.0011879320445400843,0.8075729789983889,6.551681023209671],[-0.16824974821059155,0.7216098177244655,6.801088664103505],[-0.47408215813316146,0.21029146846072275,6.90662958494986],[0.15537355932453642,0.7169410113732988,6.80619602925791],[0.44285063403785985,0.1970634677878122,6.921100639204952],[-0.5107415243960879,-1.7509135948281978,0.6530465650362278],[0.4782041603905894,-1.604964859547162,0.2562435498201583]]},{"ts":1757735037.3132825,"keypoints_3d":[[0.0,0.0,2.740869278513797],[-0.003501949677709891,0.0007151332846905096,3.665246345097706],[-0.0011673639565064912,0.00023839201025162277,4.589627202562414],[0.00116736395650645,-0.0002383920102513567,5.5140359633855915],[-0.25138320483991006,-0.0002410626537110426,5.519697286508322],[-0.8020028104092135,-0.0002409292828794124,5.521088020119955],[-1.5734053081560462,0.3614083985871465,4.967497183519922],[-1.3799238011059027,0.638924400248179,5.884003058267089],[-1.34122754149359,0.6944276435370724,6.0673043158764335],[-1.2638348045487988,0.8054340324033332,6.433906613608903],[-1.1641824852937526,0.9210215346241517,6.169592891715631],[0.25374314780986096,-0.00024106265371110248,5.518421389229198],[0.8043628099921024,-0.00024119118444707507,5.517030650199343],[1.6547561546055563,0.004711948449580459,4.9610435266379405],[1.3742511168676041,0.7346959751261558,5.546597795388182],[1.3181501173654695,0.880692737079264,5.66370875457573],[1.2059481096296143,1.1726861439135725,5.897930477137493],[1.1450586568898058,1.124570861617035,5.602752285482285],[-0.4296559609179114,-0.02568944308351661,2.739261370392628],[-0.6437301142378882,-0.3468080983956802,1.3643750057165294],[-0.48571406710942283,-1.4508469323603124,0.7582439913244972],[-0.5593762938899982,-1.5644502325851783,0.28139371046083017],[0.4296559603721873,0.025689435766522314,2.7424771743966327],[0.48335325516671995,-0.5723802254264315,1.4468354743412482],[0.5215999841088613,-1.4042107485033235,0.4887849249645151],[0.5430010606483435,-1.3245277028778402,0.0],[-0.025832545447941734,0.6964285386703465,6.061332373944158],[-0.033839757037622,0.8171654302883042,6.300158482893465],[-0.19851712294461446,0.7311466929806544,6.548216206491159],[-0.48515440804601706,0.21564096860505966,6.6611559995431735],[0.12260529852034907,0.737760856446371,6.555639007210308],[0.4246924979382976,0.23438101299196504,6.6821869623819925],[-0.4084879061435494,-1.7809921818680459,0.715150275715192],[0.5272151622599626,-1.7080483448732202,0.33236289654727624]]},{"ts":1757735037.4237583,