{"label":2,"data":[{"ts":1757734833.6154332,"keypoints_3d":[[0.0,0.0,3.398787978041346],[-0.035923641435111515,0.0027100350837408584,4.283453063574784],[-0.011974772650744715,0.0009032729663116144,5.168525595165423],[0.011974772650744729,-0.0009032729663114787,6.053624726492167],[-0.22971871766474902,-0.0009130839823084453,6.064978104029829],[-0.7884057950703949,-0.0009130717131192585,6.080095553305721],[-1.3696096239489326,-0.298553086524615,5.255714010402987],[-1.1435176275088486,0.3016887358899107,4.473956976252752],[-1.0982992490413048,0.42173716924024796,4.3176054905004735],[-1.007862501499219,0.6618340779342065,4.004902630371421],[-0.8781834715463772,0.38774684355133054,4.093563551024373],[0.25392855233139544,-0.0009130839823084131,6.05189104028941],[0.8126156951273834,-0.0009135405940076971,6.036773764064252],[1.5968298029062826,-0.6342246793296487,5.736911987692942],[2.3512087117595475,-1.2496801124792496,5.463636288951473],[2.502084637839316,-1.372771528953128,5.408981285738827],[2.803836129226064,-1.6189535372909893,5.2996709379744145],[2.491379658403646,-1.6633494207349353,5.285487593355779],[-0.4642534088793104,0.025309204825160296,3.379858392561488],[-0.4576620173903053,-0.25140614721214666,1.8153156289349401],[-0.45697013115280666,-0.5880470249548907,0.4437224726002369],[-0.4331879006203637,-0.2613655276436312,0.0],[0.46425337895617225,-0.02530920758539052,3.417717578038436],[0.40612252951312894,-0.019047776051034325,1.829954862914918],[0.3559231004723536,0.012501189028697833,0.4188986251800415],[0.36748400197996034,0.44330512275986916,0.07473249692103279],[-0.071964642774978,0.4256970837459171,7.075891949181788],[-0.08019880222654442,0.4126538861284352,7.411092454855626],[-0.25600955879613213,0.14547509577728443,7.6315139939194925],[-0.5378815181333548,-0.526758919244751,7.443914266374623],[0.14332025386606592,0.19584426013136977,7.643283811571128],[0.5935525835417123,-0.384043833094887,7.4772613828680194],[-0.4646669375122359,-0.8091543211942936,0.13443222413033862],[0.33533636771668274,-0.12058395729411954,0.06326860884963326]]},{"ts":1757734833.775424,"keypoints_3d":[[0.0,0.0,3.6168969335684276],[-0.025150550293547257,0.0008291451409872812,4.483488565278074],[-0.008383681682354536,0.0002763852181766981,5.350283058540029],[0.008383681682354472,-0.0002763852181765286,6.217103415678686],[-0.22835437126388108,-0.0002793208037610875,6.226395220142539],[-0.804875010446137,-0.00027929472850394865,6.237547026524275],[-1.5383622771430496,-0.5406416072745706,5.651673660784745],[-1.084257364556208,0.1735882996833138,5.0447197712586185],[-0.993436406009257,0.31643415812967074,4.923328968828529],[-0.8117943722546273,0.6021259370967708,4.680547492334353],[-0.7279142830379096,0.29281377372402406,4.736755645973401],[0.24530397988019942,-0.00027932080376112954,6.217232958497063],[0.8218246190624553,-0.0002793468790181051,6.206081152115328],[1.6834306364199358,-0.5747948440343371,5.888576610574489],[2.5121118045552366,-1.1352314563989736,5.5988750864180306],[2.6778479854681017,-1.247318784457849,5.540934805754681],[3.0093204841209054,-1.4714934426472344,5.425054121079507],[2.692177965868913,-1.5371143054411898,5.3936842589473875],[-0.4809189010487559,0.01928437962385169,3.602921054824983],[-0.45985838735394735,-0.07652127969122986,1.908586886084996],[-0.44126413840056977,-0.16472653519143893,0.4026855955460147],[-0.4178846439776129,0.2646532278623325,0.0],[0.4809189010487559,-0.01928437962385169,3.630872812311872],[0.5408626055956427,0.3936731801799787,1.9858006379181876],[0.5709586173015588,0.23260804310713576,0.48612856762311774],[0.6002075662097405,0.6418602708282999,0.06336812211924148],[-0.10387290339921847,0.4235879281312204,6.983476196017143],[-0.1459844138812279,0.4407200270069468,7.246275531129294],[-0.3404005578916765,0.2709329206921959,7.415655592711969],[-0.6296169677756607,-0.2342731584986656,7.277740037644024],[-0.02460229567475518,0.2620239734467074,7.466840650279755],[0.2651451424901483,-0.25951633621187853,7.422764198182039],[-0.4428591746147386,-0.33725487539997684,0.03494698943220165],[0.5712409769693364,0.042502233147945705,0.12715794209509523]]},{"ts":1757734833.8539681,"keypoints_3d":[[0.0,0.0,3.6077550656695525],[-0.01855767574194763,-0.00026243244294975624,4.474908776795635],[-0.006186019389298292,-8.744474851683399e-05,5.342172822665509],[0.006186019389298246,8.744474851700776e-05,6.209462968967438],[-0.23070430993569332,8.87065660576259e-05,6.217556173922096],[-0.8068068609515511,8.875189034245992e-05,6.225774252752309],[-1.495129725203877,-0.5692119377932812,5.732218206765722],[-0.9627894378936334,0.06868468202481706,5.210091069591092],[-0.8563214075097919,0.1962642175153825,5.105665614248067],[-0.643385221456031,0.451422792346317,4.896814839489203],[-0.5866552938362333,0.1579667015549205,4.964974376254618],[0.2432106500003212,8.870656605768938e-05,6.210795904491951],[0.8193132010161791,8.866124177301842e-05,6.202577825661738],[1.7614333026591595,-0.2651325409321996,5.91351583366129],[2.6674047007291435,-0.5347254610415193,5.6499804345251],[2.848598927670791,-0.5886438402437888,5.597273325897636],[3.210987381554087,-0.6964805986483277,5.49185910864271],[2.93932145921884,-0.7957144317211836,5.390218360262056],[-0.48086066625014656,0.010272678833626474,3.597467450866261],[-0.4521658662659836,0.01273571772441792,1.9045123635852397],[-0.4282317955927343,-0.07686803670513835,0.4023057676391688],[-0.4142952251725313,0.35138769568996653,0.0],[0.48086066625014656,-0.010272678833626474,3.618042680472844],[0.5772266814955411,0.6219291965423257,2.050254276725286],[0.6033637694787907,0.37309015597318645,0.566131132083004],[0.6462515728847293,0.7548429104252844,0.12130260602267251],[-0.11313022889288196,0.4732911085048043,6.889000077457502],[-0.16822362664690316,0.5152669914316272,7.132032634692781],[-0.37643248149303604,0.38532551772604784,7.291216921114527],[-0.6823487307592607,-0.079044668684889,7.181198017778646],[-0.08310941412526306,0.35669819361212646,7.362655113439305],[0.1487335656234359,-0.1601561542050148,7.383606393426439],[-0.42489921535265324,-0.24948800925197856,0.03567224761722265],[0.5977802072665372,0.16289288176427888,0.21969955012379572]]},{"ts":1757734833.9990015,