{"label":[0.0,0.0,0.0,0.0,0.0,1.0],"seq":[[[0.0,0.0,4.028913445235543],[0.006595077619229732,-0.001713668211132361,4.915414369099381],[0.0021983464913026053,-0.0005712726236655008,5.801929832012245],[-0.002198346491302602,0.0005712726236654994,6.6884717606424555],[-0.24443983837648314,0.0005774165081955921,6.6920883177838295],[-0.738670601903941,0.0005771421775155068,6.689637167547872],[-1.553999813189835,-0.098386112085818,6.055086773797952],[-1.2465677401584532,0.6236983371195001,6.671545524081418],[-1.1850814279083663,0.768115024334517,6.794837389263089],[-1.062108547517719,1.0569489053296677,7.041420831813985],[-0.9969262647580258,1.0106086268276313,6.740077523055019],[0.2399951388777727,0.0005774165081956036,6.694490848602527],[0.7342259024052303,0.0005776908388756517,6.696941998838485],[1.6563657009215516,0.0715408695726252,6.225951424468251],[1.545043194787018,0.8946481475286536,6.779163196287442],[1.522778540317287,1.0592694259850193,6.889805665399452],[1.4782494872682979,1.388512489462867,7.111090315811031],[1.3972167052058664,1.3346344854558958,6.814889923836198],[-0.4630880532779462,0.02886376520958744,4.032414376469569],[-0.3867484919216733,0.9189498140576144,2.2729235519197646],[-0.5540285385650064,0.6336588338174255,0.5503442956391229],[-0.495435039968272,1.0702763937453283,0.02582406706681084],[0.4630881168862402,-0.028863797073595734,4.025412514472523],[0.818716999544919,0.43340966799116626,2.140281299556203],[1.134225564961225,0.8345225859957308,0.462122766728831],[1.2448793650675631,1.4442797286066904,0.17033282095838542],[0.06601488538402016,0.5437131326861652,7.269055134420564],[0.11308299453311473,0.6192533939259456,7.4930514264494885],[0.044184319853013534,0.4924497630010209,7.7318453381709915],[-0.13203439030101732,-0.01113536644895884,7.819395717303999],[0.3208681684805446,0.5352922887521977,7.659257826253951],[0.6519028394771735,0.11025153978356192,7.613731622820049],[-0.629319719992444,0.39302265299656375,0.15099119154718732],[1.2025103590288604,0.7649743635145656,0.0]],[[0.0,0.0,3.9980975005968875],[0.010104802072093133,-0.0020645303714711084,4.882540513053226],[0.00336835781329024,-0.0006882259131264246,5.767016914359793],[-0.0033683578132902145,0.000688225913126397,6.651519643757885],[-0.2450656074200206,0.000695411065165672,6.654485954131474],[-0.7380068437619369,0.000695622742537456,6.650731420155362],[-1.5589199887724141,-0.08361982114012774,6.019217966993381],[-1.20613181254517,0.6074258408150907,6.648779593061988],[-1.1355740700467627,0.7456351719974564,6.7746919853108984],[-0.9944588567567237,1.0220533322664727,7.0265167450132004],[-0.9378299445430904,0.9814015132115669,6.7222475084414075],[0.2382554556207346,0.0006954110651656975,6.658167031785541],[0.7311966919626509,0.0006951993877938796,6.661921565761652],[1.645416787567307,0.0763939722075169,6.173774054106318],[1.577524527122364,0.8849033687006093,6.756916306816585],[1.5639460793865756,1.046605369758426,6.873544877958397],[1.5367890371786106,1.3700088164282063,7.106801706344866],[1.4449549943419946,1.3284128753456705,6.811377854970946],[-0.4652552690422402,0.022086484752651337,4.003464599295773],[-0.48783430457005666,0.9913557330959137,2.2849462402146288],[-0.6673694481482315,0.8173098844814296,0.548956029781245],[-0.6470203176919336,1.292593784175692,0.056199045950632076],[0.4652552690422402,-0.022086484752651337,3.9927304018980023],[0.7957709986001931,0.5535997088689881,2.134601531952759],[1.0870225299511729,1.0021735644400056,0.4642299613389813],[1.1817614230592945,1.6210725058155393,0.18654798564050745],[0.12403170520081784,0.4748863813612954,7.248358517138073],[0.18244602981584127,0.5272348231561569,7.468237100040502],[0.11320177733875991,0.39272448124410686,7.692159254075815],[-0.09450787921376205,-0.08483697073541216,7.747022032865036],[0.3813129098847177,0.4178799211606658,7.614942341400853],[0.6651402867152931,-0.013563179986450185,7.5282403535106805],[-0.7339976298266423,0.6008664628553363,0.13454504109863485],[1.1525267843555878,0.945398518055121,0.0]],[[0.0,0.0,3.981987704123358],[0.015804240654112064,-0.0009231955430224056,4.868718479267037],[0.005268202071697065,-0.0003076775715052904,5.755527905845511],[-0.005268202071697053,0.0003076775715052753,6.64236377402113],[-0.24762301115142055,0.00031126900141113535,6.64430456836171],[-0.7410183799100536,0.0003110114369825063,6.638442727529962],[-1.1490919592445015,0.4804169713678552,5.802004061840764],[-1.0730697288478157,0.6409183207787018,6.793154883437604],[-1.0578651976004774,0.6730188055682019,6.991384936403698],[-1.0274563480258037,0.7372192378788751,7.387845320719071],[-0.8339029673971828,0.8217545356935622,7.154715854267748],[0.23697219609566456,0.00031126900141118386,6.650062154888763],[0.7303675000819068,0.0003115566916663572,6.655924002012156],[1.5957029104088387,0.10307559676271988,6.075157403338743],[1.4602087349569774,0.8934545609300831,6.684141986578886],[1.4331098589918048,1.0515301189808923,6.805938952716827],[1.3789122199636927,1.3676818152415766,7.049532904129498],[1.2773611946253003,1.3201718244070828,6.755613160903789],[-0.46314225657062214,-0.022205208899249942,3.990219179780733],[-0.9415966204832149,1.0110078916697243,2.404205387597065],[-1.1790988145701915,0.4683060782570072,0.7729699148429123],[-1.3449963705899515,0.8206427628676352,0.21831160601962019],[0.46314225657062214,0.022205208899249942,3.973756228465983],[0.49684621015320785,0.7622605174203578,2.1673593328531244],[0.6087466747986668,0.9783045804153333,0.44902747437709234],[0.5483127133010719,1.5420689139188581,0.07777804506213215],[0.07418571492805916,0.43059247429173714,7.251095227916907],[0.11188675346438694,0.47029663814036216,7.4708236784241695],[0.021908699856504236,0.3321105642521174,7.674592418496012],[-0.19395481889554703,-0.12751186279043458,7.687332252268602],[0.2882963271726972,0.3528974704337488,7.625129236298935],[0.560809447691069,-0.06861679458073289,7.547186948681475],[-1.2029670900558824,0.1699597311706764,0.41411080829705504],[0.6661913595157524,0.8623976703605637,0.0]],[[0.0,0.0,3.8278595127713597],[0.014748311729848692,-0.001237360594959764,4.713876799629979],[0.004916176541428487,-0.0004125197062786335,5.599962849840549],[-0.004916176541428325,0.0004125197062785851,6.486075522803063],[-0.24706965769158915,0.00041688922227487525,6.488204439309893],[-0.7421232618696231,0.0004164130116394297,6.482711398903601],[-1.073889491898484,0.6921487585751889,5.763407708054574],[-1.0713555477662486,0.6909653067251973,6.77460252159038],[-1.070848663267176,0.6907288250416629,6.976841545406867],[-1.0698351519860911,0.690255350403144,7.3813192978008235],[-0.8513485931394108,0.7950813025587015,7.178653879986742],[0.23713043580299045,0.00041688922227488544,6.493577376138564],[0.7321840399810245,0.00041736543291032456,6.499070416544855],[1.5976495060910698,0.12583874677218693,5.914947451427498],[1.4296535602530756,0.8469736075250802,6.603616235914229],[1.3960543777398153,0.9912007032196418,6.741349913617496],[1.328855829138221,1.2796543415584758,7.016817543647821],[1.2341482008111917,1.261278269117642,6.716000296032781],[-0.46177196236564905,-0.04862353959076469,3.8354780619199804],[-1.226802853046909,1.0828006400366235,2.45544018436886],[-1.388136298177599,0.5539781303631106,0.820507967201213],[-1.6389525184965197,0.8775545443220941,0.285121339626643],[0.46177196236564905,0.04862353959076469,3.820240963622739],[0.3039535592380258,1.0339302906831103,2.1546595713302406],[0.3986450981634759,1.2504432717827594,0.44502772881127894],[0.25943474915708875,1.793198583573179,0.07047922549946861],[0.08015745140586418,0.39291849500947196,7.114584563712526],[0.11917273188154408,0.4197116916775631,7.334855373207137],[0.03004003906753973,0.27140499247709965,7.529991190784624],[-0.1873034915827421,-0.18468449961366556,7.517963336567985],[0.29489923200395074,0.29340351720809543,7.480402242813301],[0.5631309437135971,-0.12235526796040923,7.377461461499539],[-1.3583087395000673,0.26984495894979293,0.4539929061801691],